E_minus_EF_eV,E_eV,DOS_original,DOS_nueva
-10.361999999999998,12.0,6.706e-42,6.684376959699726e-42
-10.356999999999998,12.005,9.484e-42,9.619023131334462e-42
-10.351999999999999,12.01,1.34e-41,1.3040738345455052e-41
-10.346999999999998,12.015,1.893e-41,1.864502001717576e-41
-10.341999999999999,12.02,2.672e-41,2.675292466907563e-41
-10.336999999999998,12.025,3.768e-41,3.810751922906253e-41
-10.331999999999999,12.03,5.312e-41,5.419555218374627e-41
-10.326999999999998,12.035,7.482e-41,7.530460050785101e-41
-10.322,12.04,1.053e-40,1.031631809547835e-40
-10.316999999999998,12.045,1.481e-40,1.4875080459041115e-40
-10.311999999999998,12.05,2.082e-40,2.0882908539104185e-40
-10.306999999999999,12.055,2.925e-40,2.8953107836070078e-40
-10.301999999999998,12.06,4.107e-40,4.138881500176203e-40
-10.296999999999999,12.065,5.761e-40,5.6416199170378975e-40
-10.291999999999998,12.07,8.077e-40,7.88429225823026e-40
-10.286999999999999,12.075,1.132e-39,1.1216306014681293e-39
-10.281999999999998,12.08,1.584e-39,1.5581926533524684e-39
-10.276999999999997,12.085,2.217e-39,2.2757070108347918e-39
-10.271999999999998,12.09,3.1e-39,3.112662057157909e-39
-10.266999999999998,12.095,4.331e-39,4.3359569682598425e-39
-10.261999999999999,12.1,6.048e-39,6.200847924803065e-39
-10.256999999999998,12.105,8.439e-39,8.447395313650051e-39
-10.251999999999999,12.11,1.177e-38,1.152014434204358e-38
-10.246999999999998,12.115,1.64e-38,1.672585167051961e-38
-10.241999999999999,12.12,2.284e-38,2.2854543362117442e-38
-10.236999999999998,12.125,3.178e-38,3.239486593353558e-38
-10.231999999999998,12.13,4.42e-38,4.3822926027145507e-38
-10.226999999999999,12.135,6.144e-38,6.231744528142058e-38
-10.221999999999998,12.14,8.533e-38,8.66678633518718e-38
-10.216999999999999,12.145,1.184e-37,1.1813763516496606e-37
-10.211999999999998,12.15,1.643e-37,1.6805774783275226e-37
-10.206999999999999,12.155,2.277e-37,2.2685923500763657e-37
-10.201999999999998,12.16,3.154e-37,3.1277576346482484e-37
-10.197,12.165,4.366e-37,4.4696793879144295e-37
-10.191999999999998,12.17,6.04e-37,5.918231291537419e-37
-10.186999999999998,12.175,8.35e-37,8.502348167142526e-37
-10.181999999999999,12.18,1.154e-36,1.1562495601333823e-36
-10.176999999999998,12.185,1.592e-36,1.5487942683722183e-36
-10.171999999999999,12.19,2.197e-36,2.239609587598615e-36
-10.166999999999998,12.195,3.029e-36,3.051462633330621e-36
-10.161999999999999,12.2,4.174e-36,4.262523374839402e-36
-10.156999999999998,12.205,5.747e-36,5.6502143495689105e-36
-10.151999999999997,12.21,7.907e-36,8.114333492290239e-36
-10.146999999999998,12.215,1.087e-35,1.0979584165704784e-35
-10.141999999999998,12.22,1.494e-35,1.488944289297567e-35
-10.136999999999999,12.225,2.052e-35,2.059724043022652e-35
-10.131999999999998,12.23,2.815e-35,2.7501142766009524e-35
-10.126999999999999,12.235,3.861e-35,3.788758272354961e-35
-10.121999999999998,12.24,5.291e-35,5.227275693318769e-35
-10.116999999999999,12.245,7.247e-35,7.436638109374827e-35
-10.111999999999998,12.25,9.918e-35,1.0149867494396004e-34
-10.106999999999998,12.255,1.356e-34,1.3950894531249689e-34
-10.101999999999999,12.26,1.854e-34,1.8591937265100654e-34
-10.096999999999998,12.265,2.532e-34,2.5625328533442183e-34
-10.091999999999999,12.27,3.457e-34,3.3764403140446383e-34
-10.086999999999998,12.275,4.715e-34,4.673189952918877e-34
-10.081999999999999,12.28,6.427e-34,6.545161069333033e-34
-10.076999999999998,12.285,8.755e-34,8.590921385636605e-34
-10.072,12.29,1.192e-33,1.196905995310575e-33
-10.066999999999998,12.295,1.621e-33,1.6395458000942913e-33
-10.061999999999998,12.3,2.204e-33,2.220894503668646e-33
-10.056999999999999,12.305,2.995e-33,2.9285605319309877e-33
-10.051999999999998,12.31,4.066e-33,3.997948984143673e-33
-10.046999999999999,12.315,5.517e-33,5.533657439694439e-33
-10.041999999999998,12.32,7.48e-33,7.387054586378192e-33
-10.036999999999999,12.325,1.014e-32,9.840657196868522e-33
-10.031999999999998,12.33,1.372e-32,1.4089117204269544e-32
-10.026999999999997,12.335,1.857e-32,1.8052101417473233e-32
-10.021999999999998,12.34,2.511e-32,2.525240239653448e-32
-10.016999999999998,12.345,3.394e-32,3.382908863295533e-32
-10.011999999999999,12.35,4.583e-32,4.678023890812337e-32
-10.006999999999998,12.355,6.185e-32,6.057125765047004e-32
-10.001999999999999,12.36,8.341e-32,8.171598446345538e-32
-9.996999999999998,12.365,1.124e-31,1.1254546240199778e-31
-9.991999999999999,12.37,1.514e-31,1.4978043592172745e-31
-9.986999999999998,12.375,2.038e-31,2.034356813718428e-31
-9.981999999999998,12.38,2.741e-31,2.6821653572412565e-31
-9.976999999999999,12.385,3.684e-31,3.594491410870231e-31
-9.971999999999998,12.39,4.949e-31,5.0488568408597046e-31
-9.966999999999999,12.395,6.643e-31,6.795674624644804e-31
-9.961999999999998,12.4,8.912e-31,8.728329629482953e-31
-9.956999999999999,12.405,1.195e-30,1.1706432771163278e-30
-9.951999999999998,12.41,1.6e-30,1.5686169286884539e-30
-9.947,12.415,2.143e-30,2.1095914409089015e-30
-9.941999999999998,12.42,2.867e-30,2.890494643662941e-30
-9.936999999999998,12.425,3.833e-30,3.8215689888899394e-30
-9.931999999999999,12.43,5.121e-30,5.1094677693210996e-30
-9.926999999999998,12.435,6.837e-30,6.672731208569584e-30
-9.921999999999999,12.44,9.123e-30,9.230079873148968e-30
-9.916999999999998,12.445,1.216e-29,1.2391848939499248e-29
-9.911999999999999,12.45,1.621e-29,1.669363563051698e-29
-9.906999999999998,12.455,2.158e-29,2.2015348256540866e-29
-9.901999999999997,12.46,2.872e-29,2.798744663946214e-29
-9.896999999999998,12.465,3.82e-29,3.8815758294435845e-29
-9.891999999999998,12.47,5.076e-29,5.103249539550693e-29
-9.886999999999999,12.475,6.742e-29,6.730951004693474e-29
-9.881999999999998,12.48,8.948e-29,8.733461154003165e-29
-9.876999999999999,12.485,1.187e-28,1.213483444911634e-28
-9.871999999999998,12.49,1.573e-28,1.5856838799488854e-28
-9.866999999999999,12.495,2.083e-28,2.134182252655317e-28
-9.861999999999998,12.5,2.758e-28,2.698800026272502e-28
-9.856999999999998,12.505,3.648e-28,3.7519212386414754e-28
-9.851999999999999,12.51,4.822e-28,4.8088436666150485e-28
-9.846999999999998,12.515,6.37e-28,6.266828209145055e-28
-9.841999999999999,12.52,8.409e-28,8.543262012607483e-28
-9.836999999999998,12.525,1.109e-27,1.080464400440838e-27
-9.831999999999999,12.53,1.463e-27,1.4904137594498282e-27
-9.826999999999998,12.535,1.927e-27,1.9240815342455035e-27
-9.822,12.54,2.537e-27,2.5525854317039148e-27
-9.816999999999998,12.545,3.338e-27,3.242906857491415e-27
-9.811999999999998,12.55,4.389e-27,4.505550900043581e-27
-9.806999999999999,12.555,5.766e-27,5.650541234130982e-27
-9.801999999999998,12.56,7.572e-27,7.659659305185895e-27
-9.796999999999999,12.565,9.936e-27,1.0036487803884968e-26
-9.791999999999998,12.57,1.303e-26,1.341451885722097e-26
-9.786999999999999,12.575,1.707e-26,1.724772407369808e-26
-9.781999999999998,12.58,2.236e-26,2.189531134126373e-26
-9.776999999999997,12.585,2.926e-26,2.972921168687944e-26
-9.771999999999998,12.59,3.827e-26,3.856184801451737e-26
-9.766999999999998,12.595,5.002e-26,5.143400254683699e-26
-9.761999999999999,12.6,6.533e-26,6.344861270392306e-26
-9.756999999999998,12.605,8.527e-26,8.366140092912967e-26
-9.751999999999999,12.61,1.112e-25,1.1437485789531433e-25
-9.746999999999998,12.615,1.45e-25,1.467271455335619e-25
-9.741999999999999,12.62,1.888e-25,1.901608829378047e-25
-9.736999999999998,12.625,2.458e-25,2.426538127422652e-25
-9.731999999999998,12.63,3.198e-25,3.150020245437526e-25
-9.726999999999999,12.635,4.157e-25,4.181528021340089e-25
-9.721999999999998,12.64,5.401e-25,5.5410854142902945e-25
-9.716999999999999,12.645,7.011e-25,6.949317940414534e-25
-9.711999999999998,12.65,9.096e-25,9.229029738274561e-25
-9.706999999999999,12.655,1.179e-24,1.1771141808415277e-24
-9.701999999999998,12.66,1.528e-24,1.531801017014544e-24
-9.697,12.665,1.979e-24,1.9321854676859224e-24
-9.691999999999998,12.67,2.56e-24,2.56425092570003e-24
-9.686999999999998,12.675,3.31e-24,3.2365415585047144e-24
-9.681999999999999,12.68,4.278e-24,4.188779322469506e-24
-9.676999999999998,12.685,5.524e-24,5.662611892937486e-24
-9.671999999999999,12.69,7.129e-24,6.97019510918119e-24
-9.666999999999998,12.695,9.193e-24,9.400407305144504e-24
-9.661999999999999,12.7,1.185e-23,1.211036619711216e-23
-9.656999999999998,12.705,1.526e-23,1.5703525679918395e-23
-9.651999999999997,12.71,1.964e-23,1.9333620048075796e-23
-9.646999999999998,12.715,2.526e-23,2.5122625010616243e-23
-9.641999999999998,12.72,3.247e-23,3.341085942550694e-23
-9.636999999999999,12.725,4.17e-23,4.0811616584661506e-23
-9.631999999999998,12.73,5.353e-23,5.282543237837237e-23
-9.626999999999999,12.735,6.866e-23,6.913367820102079e-23
-9.621999999999998,12.74,8.802e-23,8.662966397663822e-23
-9.616999999999999,12.745,1.128e-22,1.0976610547283517e-22
-9.611999999999998,12.75,1.443e-22,1.4568673330919458e-22
-9.606999999999998,12.755,1.847e-22,1.791761474742588e-22
-9.601999999999999,12.76,2.361e-22,2.34838333806492e-22
-9.596999999999998,12.765,3.016e-22,2.9959167419568938e-22
-9.591999999999999,12.77,3.851e-22,3.9372613192815963e-22
-9.586999999999998,12.775,4.914e-22,4.943476248303462e-22
-9.581999999999999,12.78,6.266e-22,6.132747970404718e-22
-9.576999999999998,12.785,7.984e-22,7.985442722809763e-22
-9.572,12.79,1.017e-21,1.006328100712501e-21
-9.566999999999998,12.795,1.294e-21,1.3267913138784214e-21
-9.561999999999998,12.8,1.645e-21,1.6113311988978526e-21
-9.556999999999999,12.805,2.091e-21,2.1027266692148577e-21
-9.551999999999998,12.81,2.655e-21,2.6501317545299308e-21
-9.546999999999999,12.815,3.37e-21,3.408238593175504e-21
-9.541999999999998,12.82,4.274e-21,4.170389661439318e-21
-9.536999999999999,12.825,5.416e-21,5.560650237240523e-21
-9.531999999999998,12.83,6.86e-21,6.847564558813858e-21
-9.526999999999997,12.835,8.683e-21,8.749380178963235e-21
-9.521999999999998,12.84,1.098e-20,1.0972796741058297e-20
-9.516999999999998,12.845,1.388e-20,1.4000534317169977e-20
-9.511999999999999,12.85,1.754e-20,1.7439492513848493e-20
-9.506999999999998,12.855,2.214e-20,2.1739807503545202e-20
-9.501999999999999,12.86,2.793e-20,2.786920383331651e-20
-9.496999999999998,12.865,3.521e-20,3.6219804247213825e-20
-9.491999999999999,12.87,4.436e-20,4.507610003257197e-20
-9.486999999999998,12.875,5.585e-20,5.516357349271859e-20
-9.481999999999998,12.88,7.027e-20,7.055184790534221e-20
-9.476999999999999,12.885,8.835e-20,8.749435650244853e-20
-9.471999999999998,12.89,1.11e-19,1.1124480465642229e-19
-9.466999999999999,12.895,1.394e-19,1.358822215797725e-19
-9.461999999999998,12.9,1.749e-19,1.722293573432044e-19
-9.456999999999999,12.905,2.193e-19,2.257098878126563e-19
-9.451999999999998,12.91,2.748e-19,2.8021166684124343e-19
-9.447,12.915,3.442e-19,3.438901239468715e-19
-9.441999999999998,12.92,4.307e-19,4.292376621344488e-19
-9.436999999999998,12.925,5.387e-19,5.261125875002926e-19
-9.431999999999999,12.93,6.732e-19,6.618613507944545e-19
-9.426999999999998,12.935,8.409e-19,8.278633088283496e-19
-9.421999999999999,12.94,1.049e-18,1.0322520501925052e-18
-9.416999999999998,12.945,1.309e-18,1.306037273478161e-18
-9.411999999999999,12.95,1.632e-18,1.6651447903067727e-18
-9.406999999999998,12.955,2.032e-18,2.0606434915378228e-18
-9.401999999999997,12.96,2.53e-18,2.473046514713074e-18
-9.396999999999998,12.965,3.147e-18,3.068469389865076e-18
-9.391999999999998,12.97,3.913e-18,3.925608250213763e-18
-9.386999999999999,12.975,4.861e-18,4.957426604712514e-18
-9.381999999999998,12.98,6.034e-18,6.083065677341685e-18
-9.376999999999999,12.985,7.487e-18,7.439545919904432e-18
-9.371999999999998,12.99,9.282e-18,9.23457896673746e-18
-9.366999999999999,12.995,1.15e-17,1.1819358852922747e-17
-9.361999999999998,13.0,1.424e-17,1.4061733700517448e-17
-9.356999999999998,13.005,1.762e-17,1.720086530562766e-17
-9.351999999999999,13.01,2.179e-17,2.1434844559137392e-17
-9.346999999999998,13.015,2.692e-17,2.67262726198185e-17
-9.341999999999999,13.02,3.325e-17,3.293648286648064e-17
-9.336999999999998,13.025,4.103e-17,4.040666484526002e-17
-9.331999999999999,13.03,5.06e-17,5.088265730626629e-17
-9.326999999999998,13.035,6.236e-17,6.368100584209623e-17
-9.322,13.04,7.68e-17,7.734392893378645e-17
-9.316999999999998,13.045,9.452e-17,9.36994888573292e-17
-9.311999999999998,13.05,1.163e-16,1.1388861345558088e-16
-9.306999999999999,13.055,1.429e-16,1.4159155861345835e-16
-9.301999999999998,13.06,1.755e-16,1.7338516828587386e-16
-9.296999999999999,13.065,2.154e-16,2.1294085542836763e-16
-9.291999999999998,13.07,2.643e-16,2.6460410021238404e-16
-9.286999999999999,13.075,3.24e-16,3.3308377164329976e-16
-9.281999999999998,13.08,3.969e-16,3.905961065445991e-16
-9.276999999999997,13.085,4.859e-16,4.876524167783394e-16
-9.271999999999998,13.09,5.944e-16,6.035660533369654e-16
-9.266999999999998,13.095,7.268e-16,7.096042351590496e-16
-9.261999999999999,13.1,8.879e-16,8.795584634294764e-16
-9.256999999999998,13.105,1.084e-15,1.092182402329063e-15
-9.251999999999999,13.11,1.323e-15,1.3241387452809746e-15
-9.246999999999998,13.115,1.613e-15,1.6498602918735787e-15
-9.241999999999999,13.12,1.965e-15,1.9996626622561183e-15
-9.236999999999998,13.125,2.393e-15,2.448052044879952e-15
-9.231999999999998,13.13,2.913e-15,2.9670722866478428e-15
-9.226999999999999,13.135,3.542e-15,3.64564927454713e-15
-9.221999999999998,13.14,4.305e-15,4.385856252392164e-15
-9.216999999999999,13.145,5.228e-15,5.212451635908507e-15
-9.211999999999998,13.15,6.345e-15,6.470604473577358e-15
-9.206999999999999,13.155,7.695e-15,7.519151400216778e-15
-9.201999999999998,13.16,9.327e-15,9.222792725854614e-15
-9.197,13.165,1.13e-14,1.1521350204129618e-14
-9.191999999999998,13.17,1.368e-14,1.369657778563758e-14
-9.186999999999998,13.175,1.654e-14,1.691137517167854e-14
-9.181999999999999,13.18,2e-14,2.0257830230957148e-14
-9.176999999999998,13.185,2.416e-14,2.472551825662808e-14
-9.171999999999999,13.19,2.916e-14,2.962047450980542e-14
-9.166999999999998,13.195,3.518e-14,3.60003684309071e-14
-9.161999999999999,13.2,4.242e-14,4.182820408902259e-14
-9.156999999999998,13.205,5.11e-14,5.14396747807526e-14
-9.151999999999997,13.21,6.153e-14,6.080259919052504e-14
-9.146999999999998,13.215,7.403e-14,7.201329190009847e-14
-9.141999999999998,13.22,8.902e-14,8.987552194815632e-14
-9.136999999999999,13.225,1.07e-13,1.0430037808896315e-13
-9.131999999999998,13.23,1.285e-13,1.2499350043864199e-13
-9.126999999999999,13.235,1.541e-13,1.5547222637098524e-13
-9.121999999999998,13.24,1.849e-13,1.8860751864898587e-13
-9.116999999999999,13.245,2.215e-13,2.24206533129863e-13
-9.111999999999998,13.25,2.653e-13,2.6761663849224697e-13
-9.106999999999998,13.255,3.175e-13,3.107017666535449e-13
-9.101999999999999,13.26,3.798e-13,3.8219261127688533e-13
-9.096999999999998,13.265,4.539e-13,4.419794861122243e-13
-9.091999999999999,13.27,5.422e-13,5.441909130194983e-13
-9.086999999999998,13.275,6.472e-13,6.626730879648167e-13
-9.081999999999999,13.28,7.72e-13,7.890458659655258e-13
-9.076999999999998,13.285,9.203e-13,9.444852365177311e-13
-9.072,13.29,1.096e-12,1.1203053436862043e-12
-9.066999999999998,13.295,1.305e-12,1.2963842397141977e-12
-9.061999999999998,13.3,1.553e-12,1.5399458837160538e-12
-9.056999999999999,13.305,1.846e-12,1.853293899616123e-12
-9.051999999999998,13.31,2.193e-12,2.246467122006371e-12
-9.046999999999999,13.315,2.604e-12,2.636047234342918e-12
-9.041999999999998,13.32,3.09e-12,3.1460117740885205e-12
-9.036999999999999,13.325,3.664e-12,3.736206798601077e-12
-9.031999999999998,13.33,4.342e-12,4.246932910011826e-12
-9.026999999999997,13.335,5.142e-12,5.244387072283071e-12
-9.021999999999998,13.34,6.084e-12,5.9557592371560185e-12
-9.016999999999998,13.345,7.196e-12,7.057055302898298e-12
-9.011999999999999,13.35,8.504e-12,8.296016000118851e-12
-9.006999999999998,13.355,1.004e-11,1.0218837499716428e-11
-9.001999999999999,13.36,1.185e-11,1.1831477103428269e-11
-8.996999999999998,13.365,1.398e-11,1.4187685321788667e-11
-8.991999999999999,13.37,1.648e-11,1.6791908135039494e-11
-8.986999999999998,13.375,1.941e-11,1.9366896977232786e-11
-8.981999999999998,13.38,2.285e-11,2.2631981862827192e-11
-8.976999999999999,13.385,2.688e-11,2.7332771743008204e-11
-8.971999999999998,13.39,3.16e-11,3.204011153554197e-11
-8.966999999999999,13.395,3.712e-11,3.777284848704553e-11
-8.961999999999998,13.4,4.358e-11,4.288005404483998e-11
-8.956999999999999,13.405,5.113e-11,4.9623387074085297e-11
-8.951999999999998,13.41,5.995e-11,5.862923772797262e-11
-8.947,13.415,7.024e-11,7.22562845282396e-11
-8.941999999999998,13.42,8.225e-11,8.2169033097908e-11
-8.936999999999998,13.425,9.624e-11,9.73505800623719e-11
-8.931999999999999,13.43,1.125e-10,1.1112729324348562e-10
-8.926999999999998,13.435,1.315e-10,1.3490987906220152e-10
-8.921999999999999,13.44,1.536e-10,1.4976471035784412e-10
-8.916999999999998,13.445,1.792e-10,1.7614791412119298e-10
-8.911999999999999,13.45,2.09e-10,2.0963610748751641e-10
-8.906999999999998,13.455,2.436e-10,2.384309645533827e-10
-8.901999999999997,13.46,2.838e-10,2.7771122165038546e-10
-8.896999999999998,13.465,3.303e-10,3.3041882155532346e-10
-8.891999999999998,13.47,3.842e-10,3.749580176616598e-10
-8.886999999999999,13.475,4.466e-10,4.3674202759051576e-10
-8.881999999999998,13.48,5.188e-10,5.18632754360422e-10
-8.876999999999999,13.485,6.022e-10,6.041216409843076e-10
-8.871999999999998,13.49,6.987e-10,7.035297609193726e-10
-8.866999999999999,13.495,8.1e-10,8.088678276535117e-10
-8.861999999999998,13.5,9.385e-10,9.645901813487844e-10
-8.856999999999998,13.505,1.087e-09,1.101874922964417e-09
-8.851999999999999,13.51,1.257e-09,1.2724632923348727e-09
-8.846999999999998,13.515,1.454e-09,1.457122921363324e-09
-8.841999999999999,13.52,1.68e-09,1.6686460991792166e-09
-8.836999999999998,13.525,1.94e-09,1.9272973520256004e-09
-8.831999999999999,13.53,2.238e-09,2.2476047246096856e-09
-8.826999999999998,13.535,2.582e-09,2.5510009671923765e-09
-8.822,13.54,2.975e-09,3.0082663474867346e-09
-8.816999999999998,13.545,3.427e-09,3.5079848659861364e-09
-8.811999999999998,13.55,3.944e-09,3.830600028262157e-09
-8.806999999999999,13.555,4.536e-09,4.635829474972532e-09
-8.801999999999998,13.56,5.214e-09,5.292635810306364e-09
-8.796999999999999,13.565,5.99e-09,5.859377586453777e-09
-8.791999999999998,13.57,6.876e-09,6.76755977406195e-09
-8.786999999999999,13.575,7.888e-09,8.040188525208364e-09
-8.781999999999998,13.58,9.042e-09,8.962825299338402e-09
-8.776999999999997,13.585,1.036e-08,1.0092539214201674e-08
-8.771999999999998,13.59,1.186e-08,1.2144843034665254e-08
-8.766999999999998,13.595,1.357e-08,1.3715712135425043e-08
-8.761999999999999,13.6,1.552e-08,1.5453359370406712e-08
-8.756999999999998,13.605,1.773e-08,1.798408367437353e-08
-8.751999999999999,13.61,2.025e-08,2.0759172129118393e-08
-8.746999999999998,13.615,2.311e-08,2.241964559071778e-08
-8.741999999999999,13.62,2.635e-08,2.713805140992432e-08
-8.736999999999998,13.625,3.003e-08,3.087446395439523e-08
-8.731999999999998,13.63,3.42e-08,3.462744059467063e-08
-8.726999999999999,13.635,3.893e-08,3.884535219871711e-08
-8.721999999999998,13.64,4.428e-08,4.530906346107077e-08
-8.716999999999999,13.645,5.033e-08,4.943542816182142e-08
-8.711999999999998,13.65,5.717e-08,5.597078584726403e-08
-8.706999999999999,13.655,6.49e-08,6.500672023206468e-08
-8.701999999999998,13.66,7.362e-08,7.577999483553543e-08
-8.697,13.665,8.347e-08,8.283081840741909e-08
-8.691999999999998,13.67,9.456e-08,9.259284017571974e-08
-8.686999999999998,13.675,1.071e-07,1.0808694400907039e-07
-8.681999999999999,13.68,1.211e-07,1.2020462908854786e-07
-8.676999999999998,13.685,1.37e-07,1.4069390624992732e-07
-8.671999999999999,13.69,1.548e-07,1.520243150174318e-07
-8.666999999999998,13.695,1.748e-07,1.781327424781756e-07
-8.661999999999999,13.7,1.973e-07,1.9605481740383396e-07
-8.656999999999998,13.705,2.225e-07,2.2636755301879833e-07
-8.651999999999997,13.71,2.507e-07,2.5372734142645417e-07
-8.646999999999998,13.715,2.824e-07,2.814605858983946e-07
-8.641999999999998,13.72,3.179e-07,3.2131064960102963e-07
-8.636999999999999,13.725,3.576e-07,3.49788204566722e-07
-8.631999999999998,13.73,4.019e-07,4.057141673204988e-07
-8.626999999999999,13.735,4.515e-07,4.445879090168011e-07
-8.621999999999998,13.74,5.069e-07,4.972686885307697e-07
-8.616999999999999,13.745,5.687e-07,5.789203232949959e-07
-8.611999999999998,13.75,6.376e-07,6.427453664111132e-07
-8.606999999999998,13.755,7.144e-07,6.936989626580411e-07
-8.601999999999999,13.76,8e-07,8.095004585592926e-07
-8.596999999999998,13.765,8.951e-07,8.974449427379882e-07
-8.591999999999999,13.77,1.001e-06,1.0088004524789312e-06
-8.586999999999998,13.775,1.119e-06,1.0941095985691152e-06
-8.581999999999999,13.78,1.249e-06,1.2170009693729746e-06
-8.576999999999998,13.785,1.394e-06,1.4189935179715258e-06
-8.572,13.79,1.555e-06,1.5515815668417211e-06
-8.566999999999998,13.795,1.734e-06,1.724058067224926e-06
-8.561999999999998,13.8,1.931e-06,1.9507569206050454e-06
-8.556999999999999,13.805,2.15e-06,2.213114333482701e-06
-8.551999999999998,13.81,2.392e-06,2.3549972701649164e-06
-8.546999999999999,13.815,2.659e-06,2.664944290058822e-06
-8.541999999999998,13.82,2.954e-06,3.032304799669781e-06
-8.536999999999999,13.825,3.28e-06,3.1878663366936622e-06
-8.531999999999998,13.83,3.64e-06,3.5822700357432107e-06
-8.526999999999997,13.835,4.036e-06,4.056380051390214e-06
-8.521999999999998,13.84,4.473e-06,4.369898468606055e-06
-8.516999999999998,13.845,4.953e-06,4.832025073597181e-06
-8.511999999999999,13.85,5.482e-06,5.598698156647415e-06
-8.506999999999998,13.855,6.063e-06,6.201561030696477e-06
-8.501999999999999,13.86,6.702e-06,6.5711873084313185e-06
-8.496999999999998,13.865,7.403e-06,7.253819358061447e-06
-8.491999999999999,13.87,8.172e-06,8.012861142814475e-06
-8.486999999999998,13.875,9.016e-06,8.764023095477231e-06
-8.481999999999998,13.88,9.94e-06,9.947391276596486e-06
-8.476999999999999,13.885,1.095e-05,1.0837813219270112e-05
-8.471999999999998,13.89,1.206e-05,1.2352730940473527e-05
-8.466999999999999,13.895,1.327e-05,1.3545072373141652e-05
-8.461999999999998,13.9,1.459e-05,1.5020186105118465e-05
-8.456999999999999,13.905,1.604e-05,1.5809208485341157e-05
-8.451999999999998,13.91,1.761e-05,1.7110931127296635e-05
-8.447,13.915,1.933e-05,1.9130107623982312e-05
-8.441999999999998,13.92,2.12e-05,2.1719265291466563e-05
-8.436999999999998,13.925,2.324e-05,2.3390634966409236e-05
-8.431999999999999,13.93,2.546e-05,2.4923116989952148e-05
-8.426999999999998,13.935,2.787e-05,2.809471648528427e-05
-8.421999999999999,13.94,3.049e-05,3.105842594704769e-05
-8.416999999999998,13.945,3.334e-05,3.3297970882757236e-05
-8.411999999999999,13.95,3.643e-05,3.642246367389072e-05
-8.406999999999998,13.955,3.978e-05,3.9410112001015935e-05
-8.401999999999997,13.96,4.341e-05,4.343553533932668e-05
-8.396999999999998,13.965,4.734e-05,4.810073851838188e-05
-8.391999999999998,13.97,5.16e-05,5.169737446022805e-05
-8.386999999999999,13.975,5.62e-05,5.483047687840733e-05
-8.381999999999998,13.98,6.118e-05,6.143501297644941e-05
-8.376999999999999,13.985,6.655e-05,6.773209845339669e-05
-8.371999999999998,13.99,7.235e-05,7.431952419700856e-05
-8.366999999999999,13.995,7.861e-05,7.720724499580725e-05
-8.361999999999998,14.0,8.535e-05,8.776082717866462e-05
-8.356999999999998,14.005,9.262e-05,9.3718019825564e-05
-8.351999999999999,14.01,0.0001004,9.772568282592565e-05
-8.346999999999998,14.015,0.0001088,0.00011084610130604468
-8.341999999999999,14.02,0.0001179,0.00011488379674041302
-8.336999999999998,14.025,0.0001276,0.00012622837698566836
-8.331999999999999,14.03,0.000138,0.0001388861070979657
-8.326999999999998,14.035,0.0001492,0.00014502710001501495
-8.322,14.04,0.0001612,0.00016430916108481174
-8.316999999999998,14.045,0.000174,0.0001722511660582009
-8.311999999999998,14.05,0.0001878,0.00018818522757136865
-8.306999999999999,14.055,0.0002025,0.00020683544678996036
-8.301999999999998,14.06,0.0002182,0.0002119298844390019
-8.296999999999999,14.065,0.000235,0.00023937319156081707
-8.291999999999998,14.07,0.000253,0.0002591992908396491
-8.286999999999999,14.075,0.0002721,0.00026551866437854487
-8.281999999999998,14.08,0.0002925,0.0002924878615185198
-8.276999999999997,14.085,0.0003142,0.0003122889134342669
-8.271999999999998,14.09,0.0003374,0.0003467291611398581
-8.266999999999998,14.095,0.000362,0.000369383431513798
-8.261999999999999,14.1,0.0003882,0.0003988236751069363
-8.256999999999998,14.105,0.000416,0.00041205261379419455
-8.251999999999999,14.11,0.0004456,0.00044664139212750474
-8.246999999999998,14.115,0.000477,0.0004820723995891184
-8.241999999999999,14.12,0.0005102,0.0005014663686038111
-8.236999999999998,14.125,0.0005454,0.000536170325832125
-8.231999999999998,14.13,0.0005828,0.0005791291067294382
-8.226999999999999,14.135,0.0006222,0.0006199366925058763
-8.221999999999998,14.14,0.000664,0.000658122321857857
-8.216999999999999,14.145,0.0007081,0.000700643561339727
-8.211999999999998,14.15,0.0007548,0.0007503620062408071
-8.206999999999999,14.155,0.0008039,0.0007872454583354444
-8.201999999999998,14.16,0.0008558,0.0008736600505935483
-8.197,14.165,0.0009105,0.000933338585777548
-8.191999999999998,14.17,0.0009681,0.0009496737427451378
-8.186999999999998,14.175,0.001029,0.001051710270185498
-8.181999999999999,14.18,0.001092,0.001071112482739401
-8.176999999999998,14.185,0.00116,0.0011682228167554933
-8.171999999999999,14.19,0.00123,0.0011933843131798898
-8.166999999999998,14.195,0.001304,0.0013167762108332675
-8.161999999999999,14.2,0.001381,0.001352902263404216
-8.156999999999998,14.205,0.001463,0.001446117217098167
-8.151999999999997,14.21,0.001548,0.00153295941908413
-8.146999999999998,14.215,0.001637,0.0016499005491055348
-8.141999999999998,14.22,0.00173,0.0017050679463660125
-8.136999999999999,14.225,0.001828,0.0017876973212039974
-8.131999999999998,14.23,0.001929,0.0019810190463112128
-8.126999999999999,14.235,0.002036,0.0020484181710918106
-8.121999999999998,14.24,0.002147,0.002123491532676014
-8.116999999999999,14.245,0.002262,0.002306871352686895
-8.111999999999998,14.25,0.002383,0.0023215763812212777
-8.106999999999998,14.255,0.002508,0.002502289377655335
-8.101999999999999,14.26,0.002639,0.002593455371295981
-8.096999999999998,14.265,0.002775,0.002722464458134497
-8.091999999999999,14.27,0.002916,0.0029396195262976436
-8.086999999999998,14.275,0.003062,0.0030623599178380588
-8.081999999999999,14.28,0.003214,0.00323568678983461
-8.076999999999998,14.285,0.003372,0.0033111710032272313
-8.072,14.29,0.003535,0.003505589143508153
-8.066999999999998,14.295,0.003704,0.003599381320018784
-8.061999999999998,14.3,0.00388,0.0037637595019683963
-8.056999999999999,14.305,0.004061,0.0040753552110535975
-8.051999999999998,14.31,0.004248,0.00437042140758339
-8.046999999999999,14.315,0.004441,0.004371262986668272
-8.041999999999998,14.32,0.004641,0.004644653511264571
-8.036999999999999,14.325,0.004847,0.004808745226772106
-8.031999999999998,14.33,0.005059,0.005004238597045681
-8.026999999999997,14.335,0.005278,0.005164510833040094
-8.021999999999998,14.34,0.005503,0.005416554510836123
-8.016999999999998,14.345,0.005735,0.005895199717143632
-8.011999999999999,14.35,0.005973,0.005920481591944735
-8.006999999999998,14.355,0.006218,0.006140392399669469
-8.001999999999999,14.36,0.006469,0.006310629631339346
-7.996999999999998,14.365,0.006727,0.0067992259172597195
-7.991999999999999,14.37,0.006991,0.0071372331339822365
-7.986999999999998,14.375,0.007262,0.007125362808940341
-7.9819999999999975,14.38,0.00754,0.007595019421462086
-7.9769999999999985,14.385,0.007824,0.007958068111315723
-7.971999999999998,14.39,0.008114,0.00807346704159351
-7.966999999999999,14.395,0.008411,0.008467743274206725
-7.961999999999998,14.4,0.008714,0.008750585010819201
-7.956999999999999,14.405,0.009024,0.009258251689162653
-7.951999999999998,14.41,0.00934,0.00944791715536728
-7.946999999999999,14.415,0.009662,0.009551398600275233
-7.941999999999998,14.42,0.00999,0.009857694319432998
-7.936999999999998,14.425,0.01032,0.010566638943428163
-7.931999999999999,14.43,0.01066,0.01053335386266762
-7.926999999999998,14.435,0.01101,0.011240309553202033
-7.921999999999999,14.44,0.01136,0.011579637686736219
-7.916999999999998,14.445,0.01172,0.011570821947121494
-7.911999999999999,14.45,0.01208,0.011818635437029015
-7.906999999999998,14.455,0.01245,0.012485313956697063
-7.9019999999999975,14.46,0.01282,0.013145161315187469
-7.8969999999999985,14.465,0.0132,0.013421261788663586
-7.891999999999998,14.47,0.01358,0.013228666008475626
-7.886999999999999,14.475,0.01396,0.01426553872205353
-7.881999999999998,14.48,0.01435,0.014484085374228179
-7.876999999999999,14.485,0.01475,0.014486305817274598
-7.871999999999998,14.49,0.01515,0.0151884133433596
-7.866999999999999,14.495,0.01555,0.01533291433769698
-7.861999999999998,14.5,0.01596,0.01561341295158704
-7.8569999999999975,14.505,0.01637,0.015897679653006546
-7.8519999999999985,14.51,0.01678,0.01723462118237714
-7.846999999999998,14.515,0.01719,0.01674617559820333
-7.841999999999999,14.52,0.01761,0.01790437372126996
-7.836999999999998,14.525,0.01803,0.01751280233997486
-7.831999999999999,14.53,0.01846,0.018952460993894155
-7.826999999999998,14.535,0.01888,0.018719876011099038
-7.821999999999999,14.54,0.01931,0.01960675676057862
-7.816999999999998,14.545,0.01974,0.019579104794914256
-7.811999999999998,14.55,0.02017,0.020266577643583486
-7.806999999999999,14.555,0.0206,0.021169003686140372
-7.801999999999998,14.56,0.02103,0.02080515808630063
-7.796999999999999,14.565,0.02146,0.021675695523259517
-7.791999999999998,14.57,0.02189,0.022029063862672723
-7.786999999999999,14.575,0.02232,0.021968340567636375
-7.781999999999998,14.58,0.02276,0.023009681084432135
-7.7769999999999975,14.585,0.02319,0.023365468967304032
-7.7719999999999985,14.59,0.02362,0.023608259213665696
-7.766999999999998,14.595,0.02405,0.02442205384033149
-7.761999999999999,14.6,0.02448,0.023931814320394602
-7.756999999999998,14.605,0.02491,0.025391678181286154
-7.751999999999999,14.61,0.02534,0.02568073445835073
-7.746999999999998,14.615,0.02576,0.026152739909697843
-7.741999999999999,14.62,0.02619,0.026228717361536057
-7.736999999999998,14.625,0.02661,0.027337140408547986
-7.7319999999999975,14.63,0.02703,0.027832335945101344
-7.7269999999999985,14.635,0.02745,0.027308514525916913
-7.721999999999998,14.64,0.02786,0.027361229308989037
-7.716999999999999,14.645,0.02828,0.02809413126757009
-7.711999999999998,14.65,0.02869,0.028809950528401622
-7.706999999999999,14.655,0.02909,0.028875861824611083
-7.701999999999998,14.66,0.0295,0.030136919565159945
-7.696999999999999,14.665,0.0299,0.03055709671957267
-7.691999999999998,14.67,0.0303,0.031120418836099614
-7.686999999999998,14.675,0.03069,0.03137508417024997
-7.681999999999999,14.68,0.03109,0.03176117154944209
-7.676999999999998,14.685,0.03147,0.03095865402829206
-7.671999999999999,14.69,0.03186,0.0316892632093829
-7.666999999999998,14.695,0.03224,0.03204083553984131
-7.661999999999999,14.7,0.03262,0.032386810859582754
-7.656999999999998,14.705,0.03299,0.033749605734622296
-7.6519999999999975,14.71,0.03336,0.03410146080456932
-7.6469999999999985,14.715,0.03373,0.0333677792783617
-7.641999999999998,14.72,0.03409,0.03382918146179869
-7.636999999999999,14.725,0.03445,0.03451359836363743
-7.631999999999998,14.73,0.0348,0.03411657909307306
-7.626999999999999,14.735,0.03516,0.035780970796669205
-7.621999999999998,14.74,0.0355,0.03488867410493222
-7.616999999999999,14.745,0.03585,0.036581558568525706
-7.611999999999998,14.75,0.03619,0.03567336120510601
-7.6069999999999975,14.755,0.03652,0.03566456033091494
-7.6019999999999985,14.76,0.03685,0.036490464052769435
-7.596999999999998,14.765,0.03718,0.0361453448206065
-7.591999999999999,14.77,0.0375,0.03723386251106275
-7.586999999999998,14.775,0.03783,0.038934723101669705
-7.581999999999999,14.78,0.03814,0.03852616398946391
-7.576999999999998,14.785,0.03846,0.03951006608159991
-7.571999999999999,14.79,0.03876,0.03811360128474755
-7.566999999999998,14.795,0.03907,0.038095206268255064
-7.561999999999998,14.8,0.03937,0.039114061425973776
-7.556999999999999,14.805,0.03967,0.03932126457086702
-7.551999999999998,14.81,0.03997,0.0410207466296531
-7.546999999999999,14.815,0.04026,0.03948689516533042
-7.541999999999998,14.82,0.04055,0.039666530198323315
-7.536999999999999,14.825,0.04084,0.041501191765958304
-7.531999999999998,14.83,0.04112,0.04037586603670748
-7.5269999999999975,14.835,0.0414,0.04231751525464385
-7.5219999999999985,14.84,0.04168,0.04263448143351396
-7.516999999999998,14.845,0.04195,0.0412260000125208
-7.511999999999999,14.85,0.04223,0.04307317435940424
-7.506999999999998,14.855,0.0425,0.043704791002201544
-7.501999999999999,14.86,0.04276,0.04368482614220294
-7.496999999999998,14.865,0.04303,0.04311865964275468
-7.491999999999999,14.87,0.04329,0.04440687388133015
-7.486999999999998,14.875,0.04355,0.042627832334294395
-7.4819999999999975,14.88,0.04381,0.04459076508546259
-7.4769999999999985,14.885,0.04406,0.044030480859672476
-7.471999999999998,14.89,0.04432,0.0432137244895822
-7.466999999999999,14.895,0.04457,0.043772038366636075
-7.461999999999998,14.9,0.04482,0.04477415153165797
-7.456999999999999,14.905,0.04507,0.04427270846928043
-7.451999999999998,14.91,0.04532,0.045771643412072495
-7.446999999999999,14.915,0.04556,0.04485121449745683
-7.441999999999998,14.92,0.0458,0.04454101116779086
-7.436999999999998,14.925,0.04605,0.0447056751615891
-7.431999999999999,14.93,0.04629,0.04522167385556569
-7.426999999999998,14.935,0.04653,0.047048844726626224
-7.421999999999999,14.94,0.04676,0.04811478413200501
-7.416999999999998,14.945,0.047,0.048067218324842856
-7.411999999999999,14.95,0.04724,0.047992675849760746
-7.406999999999998,14.955,0.04747,0.04769521276963104
-7.4019999999999975,14.96,0.0477,0.04628637428029327
-7.3969999999999985,14.965,0.04794,0.04706985253824795
-7.391999999999998,14.97,0.04817,0.04734953810716004
-7.386999999999999,14.975,0.0484,0.04788821580935806
-7.381999999999998,14.98,0.04863,0.04947492635127446
-7.376999999999999,14.985,0.04886,0.050015787152714784
-7.371999999999998,14.99,0.04909,0.048238879861781964
-7.366999999999999,14.995,0.04932,0.04907848924288564
-7.361999999999998,15.0,0.04955,0.04873123719777549
-7.3569999999999975,15.005,0.04977,0.04980748915334432
-7.3519999999999985,15.01,0.05,0.04993304024108786
-7.346999999999998,15.015,0.05023,0.05032096131069552
-7.341999999999999,15.02,0.05045,0.050093893733405656
-7.336999999999998,15.025,0.05068,0.05054886538662117
-7.331999999999999,15.03,0.0509,0.049776814203727475
-7.326999999999998,15.035,0.05113,0.05168462987938156
-7.321999999999999,15.04,0.05135,0.05053614144512488
-7.316999999999998,15.045,0.05158,0.05120749646553101
-7.311999999999998,15.05,0.0518,0.05276289789311077
-7.306999999999999,15.055,0.05202,0.05125909840184358
-7.301999999999998,15.06,0.05225,0.05248485615136567
-7.296999999999999,15.065,0.05247,0.05286800163839926
-7.291999999999998,15.07,0.0527,0.05324875609728921
-7.286999999999999,15.075,0.05292,0.05431650101008615
-7.281999999999998,15.08,0.05314,0.05229575974757121
-7.2769999999999975,15.085,0.05337,0.05315221964162127
-7.2719999999999985,15.09,0.05359,0.05333784575662209
-7.266999999999998,15.095,0.05381,0.05538780414521768
-7.261999999999999,15.1,0.05404,0.053498457681682834
-7.256999999999998,15.105,0.05426,0.05299273479632939
-7.251999999999999,15.11,0.05448,0.05373370622966032
-7.246999999999998,15.115,0.05471,0.05341545439098176
-7.241999999999999,15.12,0.05493,0.05578925749202122
-7.236999999999998,15.125,0.05515,0.05499707143592128
-7.2319999999999975,15.13,0.05538,0.05410291961680918
-7.2269999999999985,15.135,0.0556,0.05426549847137713
-7.221999999999998,15.14,0.05582,0.055826461969681475
-7.216999999999999,15.145,0.05605,0.055124480604326724
-7.211999999999998,15.15,0.05627,0.05755100981946735
-7.206999999999999,15.155,0.05649,0.0558079644492341
-7.201999999999998,15.16,0.05671,0.05680210349207193
-7.196999999999999,15.165,0.05694,0.05845995842147548
-7.191999999999998,15.17,0.05716,0.05605135720216159
-7.186999999999998,15.175,0.05738,0.05638908294912017
-7.181999999999999,15.18,0.0576,0.057192314060533184
-7.176999999999998,15.185,0.05783,0.05901528381210017
-7.171999999999999,15.19,0.05805,0.05713513776270993
-7.166999999999998,15.195,0.05827,0.05881960410926521
-7.161999999999999,15.2,0.05849,0.059922813486234155
-7.156999999999998,15.205,0.05871,0.05950534077076956
-7.1519999999999975,15.21,0.05894,0.05955193514249317
-7.1469999999999985,15.215,0.05916,0.05911575059319292
-7.141999999999998,15.22,0.05938,0.05893687024499214
-7.136999999999999,15.225,0.0596,0.059707116750149815
-7.131999999999998,15.23,0.05982,0.05813993029755077
-7.126999999999999,15.235,0.06004,0.05840496405816693
-7.121999999999998,15.24,0.06026,0.060591094382494104
-7.116999999999999,15.245,0.06048,0.061248880168452084
-7.111999999999998,15.25,0.0607,0.06013946960240146
-7.1069999999999975,15.255,0.06092,0.06095340067228193
-7.1019999999999985,15.26,0.06114,0.06023052601316519
-7.096999999999998,15.265,0.06136,0.06308492252034442
-7.091999999999999,15.27,0.06158,0.0619479614690197
-7.086999999999998,15.275,0.0618,0.06361509638566663
-7.081999999999999,15.28,0.06202,0.061233601904456536
-7.076999999999998,15.285,0.06224,0.06171575497305568
-7.071999999999999,15.29,0.06246,0.06361770102291098
-7.066999999999998,15.295,0.06268,0.06252243505071006
-7.061999999999998,15.3,0.0629,0.06472956162908287
-7.056999999999999,15.305,0.06312,0.06476171837211209
-7.051999999999998,15.31,0.06334,0.06162939036587132
-7.046999999999999,15.315,0.06356,0.06430590316392278
-7.041999999999998,15.32,0.06378,0.06296477245350035
-7.036999999999999,15.325,0.064,0.06487268115497011
-7.031999999999998,15.33,0.06422,0.06605248263928327
-7.0269999999999975,15.335,0.06445,0.06578855384084512
-7.0219999999999985,15.34,0.06467,0.06416470002114016
-7.016999999999998,15.345,0.06489,0.06428770140611202
-7.011999999999999,15.35,0.06511,0.06600167130717599
-7.006999999999998,15.355,0.06533,0.06555368798193184
-7.001999999999999,15.36,0.06556,0.06398184941895031
-6.996999999999998,15.365,0.06578,0.0653560842105066
-6.991999999999999,15.37,0.066,0.06496781450620769
-6.986999999999998,15.375,0.06623,0.06521456260189122
-6.9819999999999975,15.38,0.06645,0.06453869484988974
-6.9769999999999985,15.385,0.06667,0.06662473447763761
-6.971999999999998,15.39,0.0669,0.06511497182260143
-6.966999999999999,15.395,0.06713,0.06834386576852979
-6.961999999999998,15.4,0.06735,0.06747189703447862
-6.956999999999999,15.405,0.06758,0.06557481792888913
-6.951999999999998,15.41,0.0678,0.06743131191340913
-6.946999999999999,15.415,0.06803,0.06840667997431127
-6.941999999999998,15.42,0.06826,0.06837881565642441
-6.936999999999998,15.425,0.06849,0.06918166319966901
-6.931999999999999,15.43,0.06872,0.06698258375431847
-6.926999999999998,15.435,0.06894,0.07035481663507849
-6.921999999999999,15.44,0.06917,0.06976101667504052
-6.916999999999998,15.445,0.0694,0.06878088055005797
-6.911999999999999,15.45,0.06963,0.06973286055519588
-6.906999999999998,15.455,0.06986,0.06893171842483738
-6.9019999999999975,15.46,0.07009,0.06936013080242272
-6.8969999999999985,15.465,0.07032,0.07147563570175096
-6.891999999999998,15.47,0.07055,0.07023742233822512
-6.886999999999999,15.475,0.07078,0.07116700745176406
-6.881999999999998,15.48,0.07101,0.06944291821120571
-6.876999999999999,15.485,0.07124,0.07227878830694492
-6.871999999999998,15.49,0.07147,0.07093502763727362
-6.866999999999999,15.495,0.0717,0.07056709536390014
-6.861999999999998,15.5,0.07193,0.07192070304990567
-6.8569999999999975,15.505,0.07216,0.0726802136880274
-6.8519999999999985,15.51,0.07239,0.07433536517663347
-6.846999999999998,15.515,0.07262,0.07204929408697668
-6.841999999999999,15.52,0.07284,0.07429358128509968
-6.836999999999998,15.525,0.07307,0.07221608149301968
-6.831999999999999,15.53,0.0733,0.07494364319772326
-6.826999999999998,15.535,0.07352,0.07187889680056986
-6.821999999999999,15.54,0.07375,0.075082952664182
-6.816999999999998,15.545,0.07398,0.0753576648121988
-6.811999999999998,15.55,0.0742,0.07286377056167789
-6.806999999999999,15.555,0.07443,0.07435395336206349
-6.801999999999998,15.56,0.07465,0.07450965858129416
-6.796999999999999,15.565,0.07487,0.0743284392582399
-6.791999999999998,15.57,0.0751,0.07290585885370951
-6.786999999999999,15.575,0.07532,0.0752609726515854
-6.781999999999998,15.58,0.07554,0.07336625073614249
-6.7769999999999975,15.585,0.07576,0.07643215415873465
-6.7719999999999985,15.59,0.07599,0.07519383920651847
-6.766999999999998,15.595,0.07621,0.07713387525764756
-6.761999999999999,15.6,0.07643,0.07727240073153004
-6.756999999999998,15.605,0.07665,0.07846023760244579
-6.751999999999999,15.61,0.07687,0.07560856131242094
-6.746999999999998,15.615,0.07709,0.07876194326151306
-6.741999999999999,15.62,0.07731,0.07826808521295922
-6.736999999999998,15.625,0.07753,0.07625096783537785
-6.7319999999999975,15.63,0.07775,0.07712560632036246
-6.7269999999999985,15.635,0.07797,0.07652533101900012
-6.721999999999998,15.64,0.07819,0.08047400383313924
-6.716999999999999,15.645,0.07841,0.07834202334334849
-6.711999999999998,15.65,0.07863,0.07854399132015462
-6.706999999999999,15.655,0.07885,0.07706676058128212
-6.701999999999998,15.66,0.07907,0.07928278841492334
-6.696999999999999,15.665,0.0793,0.08132035433455569
-6.691999999999998,15.67,0.07952,0.07871768274539868
-6.686999999999998,15.675,0.07974,0.07924610389189442
-6.681999999999999,15.68,0.07997,0.07831317206762098
-6.676999999999998,15.685,0.0802,0.07806975879271688
-6.671999999999999,15.69,0.08042,0.08280741960778995
-6.666999999999998,15.695,0.08065,0.07832044720256125
-6.661999999999999,15.7,0.08088,0.08051451583049547
-6.656999999999998,15.705,0.08111,0.08274799915676945
-6.6519999999999975,15.71,0.08134,0.0808329414244809
-6.6469999999999985,15.715,0.08158,0.0817301695659428
-6.641999999999998,15.72,0.08181,0.08032823387101376
-6.636999999999999,15.725,0.08205,0.08376356609876918
-6.631999999999998,15.73,0.08229,0.08261993634271773
-6.626999999999999,15.735,0.08253,0.08095045967314005
-6.621999999999998,15.74,0.08277,0.08183129415805956
-6.616999999999999,15.745,0.08301,0.08165755015894484
-6.611999999999998,15.75,0.08325,0.08326635490645694
-6.6069999999999975,15.755,0.0835,0.08407423582500681
-6.6019999999999985,15.76,0.08374,0.08431342457390875
-6.596999999999998,15.765,0.08399,0.0836861298708732
-6.591999999999999,15.77,0.08424,0.08240010107141277
-6.586999999999998,15.775,0.08449,0.08430878786532892
-6.581999999999999,15.78,0.08474,0.08306468198104722
-6.576999999999998,15.785,0.08499,0.0846793415112057
-6.571999999999999,15.79,0.08524,0.08578937833957365
-6.566999999999998,15.795,0.0855,0.0833306912951152
-6.561999999999998,15.8,0.08575,0.08534498434739496
-6.556999999999999,15.805,0.08601,0.08696119654520552
-6.551999999999998,15.81,0.08626,0.08713586988248079
-6.546999999999999,15.815,0.08652,0.08885932073568718
-6.541999999999998,15.82,0.08677,0.08588325457318544
-6.536999999999999,15.825,0.08703,0.08449174065004189
-6.531999999999998,15.83,0.08728,0.08694651407626328
-6.5269999999999975,15.835,0.08754,0.08503371224474297
-6.5219999999999985,15.84,0.08779,0.08747092311508063
-6.516999999999998,15.845,0.08805,0.08811511235118417
-6.511999999999999,15.85,0.0883,0.08602476430462795
-6.506999999999998,15.855,0.08855,0.08644172053466559
-6.501999999999999,15.86,0.08881,0.09065514780585399
-6.496999999999998,15.865,0.08906,0.09055226006790351
-6.491999999999999,15.87,0.08931,0.0887557344448725
-6.486999999999998,15.875,0.08956,0.08939918664350599
-6.4819999999999975,15.88,0.0898,0.09171713543149956
-6.4769999999999985,15.885,0.09005,0.09219806236261281
-6.471999999999998,15.89,0.0903,0.08776614620899169
-6.466999999999999,15.895,0.09054,0.08782940980874278
-6.461999999999998,15.9,0.09078,0.092445847340942
-6.456999999999999,15.905,0.09102,0.09325622151022646
-6.451999999999998,15.91,0.09126,0.09382782371662098
-6.446999999999999,15.915,0.0915,0.09289884274971784
-6.441999999999998,15.92,0.09174,0.09390863798743992
-6.436999999999998,15.925,0.09197,0.09346269985071176
-6.431999999999999,15.93,0.09221,0.09304734580468092
-6.426999999999998,15.935,0.09244,0.0912896630758752
-6.421999999999999,15.94,0.09267,0.09487411594432836
-6.416999999999998,15.945,0.0929,0.09304702761605715
-6.411999999999999,15.95,0.09313,0.09054611871900589
-6.406999999999998,15.955,0.09336,0.09056426046496532
-6.4019999999999975,15.96,0.09359,0.09556343221555359
-6.3969999999999985,15.965,0.09382,0.09439555217276113
-6.391999999999998,15.97,0.09404,0.09591537338416828
-6.386999999999999,15.975,0.09427,0.09242118691685877
-6.381999999999998,15.98,0.0945,0.09495974979883595
-6.376999999999999,15.985,0.09472,0.09749841579464971
-6.371999999999998,15.99,0.09495,0.09299175861994857
-6.366999999999999,15.995,0.09518,0.09346107747458723
-6.361999999999998,16.0,0.0954,0.09336137809666861
-6.356999999999999,16.005,0.09563,0.09696206453125773
-6.351999999999997,16.01,0.09586,0.09323282192721391
-6.346999999999998,16.015,0.09609,0.0981942405502608
-6.341999999999999,16.02,0.09632,0.09856055175066133
-6.337,16.025,0.09655,0.09713293241109469
-6.331999999999997,16.03,0.09679,0.09950052837213087
-6.326999999999998,16.035,0.09703,0.09449579981588604
-6.321999999999999,16.04,0.09727,0.0984591560075327
-6.316999999999997,16.045,0.09751,0.09556419087662102
-6.311999999999998,16.05,0.09775,0.10052635297891153
-6.306999999999999,16.055,0.098,0.10037135934236538
-6.302,16.06,0.09824,0.0961292078328704
-6.296999999999997,16.065,0.0985,0.09794951124761381
-6.291999999999998,16.07,0.09875,0.09848853413719014
-6.286999999999999,16.075,0.09901,0.10036905711375264
-6.282,16.08,0.09927,0.10209584856282132
-6.2769999999999975,16.085,0.09953,0.09959482121619005
-6.2719999999999985,16.09,0.0998,0.10165524954650348
-6.2669999999999995,16.095,0.1001,0.09710593321371823
-6.261999999999997,16.1,0.1003,0.09980614001475073
-6.256999999999998,16.105,0.1006,0.10090513529103529
-6.251999999999999,16.11,0.1009,0.10363338855936173
-6.247,16.115,0.1012,0.09875770767856837
-6.241999999999997,16.12,0.1015,0.10179492912839765
-6.236999999999998,16.125,0.1017,0.10137876079186656
-6.231999999999999,16.13,0.102,0.10097454862045249
-6.226999999999997,16.135,0.1023,0.10527012936624384
-6.221999999999998,16.14,0.1026,0.10351428573447478
-6.216999999999999,16.145,0.1029,0.10264635231341156
-6.212,16.15,0.1032,0.10419690291074479
-6.206999999999997,16.155,0.1035,0.10410519214519383
-6.201999999999998,16.16,0.1038,0.10216360795515522
-6.196999999999999,16.165,0.1041,0.10425391627720147
-6.191999999999997,16.17,0.1044,0.10229965675456384
-6.186999999999998,16.175,0.1047,0.10213422490125004
-6.181999999999999,16.18,0.105,0.10729276488448929
-6.177,16.185,0.1053,0.1029168701577704
-6.171999999999997,16.19,0.1057,0.10277514729809041
-6.166999999999998,16.195,0.106,0.10672860711340025
-6.161999999999999,16.2,0.1063,0.10945014667247914
-6.157,16.205,0.1066,0.10609424169421595
-6.1519999999999975,16.21,0.1069,0.1048067079656177
-6.1469999999999985,16.215,0.1072,0.10923868597591088
-6.1419999999999995,16.22,0.1075,0.10868664815677226
-6.136999999999997,16.225,0.1078,0.10692585282377169
-6.131999999999998,16.23,0.1081,0.10962838570023074
-6.126999999999999,16.235,0.1084,0.10706504469458988
-6.122,16.24,0.1087,0.11008872477330431
-6.116999999999997,16.245,0.109,0.10755367528665719
-6.111999999999998,16.25,0.1093,0.11057131981986854
-6.106999999999999,16.255,0.1096,0.11162000519565425
-6.101999999999997,16.26,0.1098,0.10860146534282702
-6.096999999999998,16.265,0.1101,0.1120058875914906
-6.091999999999999,16.27,0.1104,0.11042122407166192
-6.087,16.275,0.1107,0.11063013727229876
-6.081999999999997,16.28,0.111,0.10827037584738716
-6.076999999999998,16.285,0.1112,0.11073758262916478
-6.071999999999999,16.29,0.1115,0.1100979053395315
-6.066999999999997,16.295,0.1118,0.1099428562526218
-6.061999999999998,16.3,0.112,0.11144779086784025
-6.056999999999999,16.305,0.1123,0.11426702433617973
-6.052,16.31,0.1126,0.10965621456915901
-6.046999999999997,16.315,0.1128,0.11320842912592094
-6.041999999999998,16.32,0.1131,0.11013179756022884
-6.036999999999999,16.325,0.1133,0.11590943768971056
-6.032,16.33,0.1136,0.11438564014068248
-6.0269999999999975,16.335,0.1138,0.11596943958453432
-6.0219999999999985,16.34,0.1141,0.1118295239828342
-6.0169999999999995,16.345,0.1143,0.11611777460409616
-6.011999999999997,16.35,0.1146,0.11322891339428716
-6.006999999999998,16.355,0.1148,0.1168278420198401
-6.001999999999999,16.36,0.1151,0.11841147532858332
-5.997,16.365,0.1153,0.11872530000022326
-5.991999999999997,16.37,0.1156,0.11436936882655131
-5.986999999999998,16.375,0.1158,0.11517255413790595
-5.981999999999999,16.38,0.1161,0.11606562463653738
-5.976999999999997,16.385,0.1163,0.11307791514429075
-5.971999999999998,16.39,0.1166,0.11752383857758449
-5.966999999999999,16.395,0.1168,0.11896992767418636
-5.962,16.4,0.1171,0.11868401422669615
-5.956999999999997,16.405,0.1174,0.11760499273295603
-5.951999999999998,16.41,0.1176,0.1192577657151666
-5.946999999999999,16.415,0.1179,0.11596368278072719
-5.941999999999997,16.42,0.1182,0.1160058333353248
-5.936999999999998,16.425,0.1184,0.11611976896095619
-5.931999999999999,16.43,0.1187,0.12034001434942848
-5.927,16.435,0.119,0.1213307931854856
-5.921999999999997,16.44,0.1193,0.11914341385869234
-5.916999999999998,16.445,0.1196,0.11837547757850589
-5.911999999999999,16.45,0.1199,0.12157712210660836
-5.907,16.455,0.1202,0.12022518731997509
-5.9019999999999975,16.46,0.1205,0.12122810981557429
-5.8969999999999985,16.465,0.1208,0.12335102989281788
-5.8919999999999995,16.47,0.1211,0.11799275549901025
-5.886999999999997,16.475,0.1214,0.12006052419998357
-5.881999999999998,16.48,0.1218,0.12152299069637054
-5.876999999999999,16.485,0.1221,0.12542852035923263
-5.872,16.49,0.1224,0.119087326201064
-5.866999999999997,16.495,0.1228,0.1257669645169309
-5.861999999999998,16.5,0.1231,0.12442865105021288
-5.856999999999999,16.505,0.1235,0.12299859530742145
-5.851999999999997,16.51,0.1238,0.1235538554853131
-5.846999999999998,16.515,0.1242,0.1257343384298088
-5.841999999999999,16.52,0.1246,0.12301753052478681
-5.837,16.525,0.1249,0.124791654105566
-5.831999999999997,16.53,0.1253,0.12463948480355466
-5.826999999999998,16.535,0.1257,0.1255030121987354
-5.821999999999999,16.54,0.1261,0.12945726954069062
-5.816999999999997,16.545,0.1264,0.1282263056197477
-5.811999999999998,16.55,0.1268,0.12941907695843524
-5.806999999999999,16.555,0.1272,0.1301930936181913
-5.802,16.56,0.1276,0.12399325820077724
-5.796999999999997,16.565,0.128,0.12937306975061616
-5.791999999999998,16.57,0.1284,0.12905532048355775
-5.786999999999999,16.575,0.1288,0.1279528749206591
-5.782,16.58,0.1292,0.12994157225229874
-5.7769999999999975,16.585,0.1296,0.12633978225688974
-5.7719999999999985,16.59,0.13,0.13253474251449573
-5.7669999999999995,16.595,0.1304,0.13197704125932982
-5.761999999999997,16.6,0.1308,0.1308174616013234
-5.756999999999998,16.605,0.1312,0.13305121626206898
-5.751999999999999,16.61,0.1315,0.13357900370351358
-5.747,16.615,0.1319,0.12947524266894664
-5.741999999999997,16.62,0.1323,0.12838878071743895
-5.736999999999998,16.625,0.1327,0.13030324452264636
-5.731999999999999,16.63,0.1331,0.1298057531677104
-5.726999999999997,16.635,0.1335,0.13012029612365797
-5.721999999999998,16.64,0.1338,0.13588799281423813
-5.716999999999999,16.645,0.1342,0.1332260617952557
-5.712,16.65,0.1346,0.1335267971827881
-5.706999999999997,16.655,0.1349,0.13438208108552227
-5.701999999999998,16.66,0.1353,0.136608617554978
-5.696999999999999,16.665,0.1356,0.13483315370771295
-5.691999999999997,16.67,0.136,0.13722363909060808
-5.686999999999998,16.675,0.1363,0.1360588892111542
-5.681999999999999,16.68,0.1367,0.13436876248810256
-5.677,16.685,0.137,0.13790762608397358
-5.671999999999997,16.69,0.1374,0.13600602226089853
-5.666999999999998,16.695,0.1377,0.13654863666875716
-5.661999999999999,16.7,0.138,0.13944653299790571
-5.657,16.705,0.1384,0.14072178277172656
-5.6519999999999975,16.71,0.1387,0.13816256566964305
-5.6469999999999985,16.715,0.139,0.13596879626806194
-5.6419999999999995,16.72,0.1393,0.14057495733261807
-5.636999999999997,16.725,0.1396,0.14301572592851391
-5.631999999999998,16.73,0.14,0.13692729318549848
-5.626999999999999,16.735,0.1403,0.14334157709256082
-5.622,16.74,0.1406,0.13685570884412138
-5.616999999999997,16.745,0.1409,0.14481083972425188
-5.611999999999998,16.75,0.1412,0.14210796648360577
-5.606999999999999,16.755,0.1415,0.14342465078357539
-5.601999999999997,16.76,0.1418,0.1399014142059153
-5.596999999999998,16.765,0.1421,0.1430030580204363
-5.591999999999999,16.77,0.1425,0.1400631758203644
-5.587,16.775,0.1428,0.14547793843028528
-5.581999999999997,16.78,0.1431,0.1432608319219342
-5.576999999999998,16.785,0.1434,0.1417816456507146
-5.571999999999999,16.79,0.1437,0.145160780112629
-5.566999999999997,16.795,0.1441,0.14088766991452453
-5.561999999999998,16.8,0.1444,0.14574355473239806
-5.556999999999999,16.805,0.1447,0.14716498599132394
-5.552,16.81,0.1451,0.14536090392844522
-5.546999999999997,16.815,0.1454,0.14339756371533796
-5.541999999999998,16.82,0.1457,0.14228463459339633
-5.536999999999999,16.825,0.1461,0.14419851248242915
-5.532,16.83,0.1465,0.14736429391910344
-5.5269999999999975,16.835,0.1468,0.14427301356716657
-5.5219999999999985,16.84,0.1472,0.14844818350083344
-5.5169999999999995,16.845,0.1476,0.14963262318462756
-5.511999999999997,16.85,0.148,0.15075139848321287
-5.506999999999998,16.855,0.1484,0.152328841721783
-5.501999999999999,16.86,0.1488,0.14989223854215797
-5.497,16.865,0.1492,0.1458352310325413
-5.491999999999997,16.87,0.1496,0.15060192544280293
-5.486999999999998,16.875,0.15,0.14956003857840064
-5.481999999999999,16.88,0.1505,0.14853318359728654
-5.476999999999997,16.885,0.1509,0.14775633720199768
-5.471999999999998,16.89,0.1513,0.14728963104870685
-5.466999999999999,16.895,0.1518,0.15625288578383878
-5.462,16.9,0.1523,0.1496416398081683
-5.456999999999997,16.905,0.1527,0.15030085300172322
-5.451999999999998,16.91,0.1532,0.15105516431778823
-5.446999999999999,16.915,0.1537,0.15257198028026017
-5.441999999999997,16.92,0.1542,0.15303265759675555
-5.436999999999998,16.925,0.1547,0.15538759623867868
-5.431999999999999,16.93,0.1552,0.154877971234424
-5.427,16.935,0.1557,0.156639094898449
-5.421999999999997,16.94,0.1562,0.15276868339722027
-5.416999999999998,16.945,0.1567,0.16029741682024992
-5.411999999999999,16.95,0.1573,0.15480673119808208
-5.407,16.955,0.1578,0.16187262385145615
-5.4019999999999975,16.96,0.1583,0.15919019836535503
-5.3969999999999985,16.965,0.1589,0.16318262333644334
-5.3919999999999995,16.97,0.1594,0.15945887410800957
-5.386999999999997,16.975,0.16,0.16044998975870847
-5.381999999999998,16.98,0.1605,0.16221474267348326
-5.376999999999999,16.985,0.1611,0.15953076223030074
-5.372,16.99,0.1616,0.1612291940864107
-5.366999999999997,16.995,0.1622,0.16650126698752207
-5.361999999999998,17.0,0.1628,0.1643792512555732
-5.356999999999999,17.005,0.1633,0.16034686159745223
-5.351999999999997,17.01,0.1639,0.16235524978878352
-5.346999999999998,17.015,0.1644,0.16560821265136982
-5.341999999999999,17.02,0.165,0.16182989314835844
-5.337,17.025,0.1655,0.16166180320696577
-5.331999999999997,17.03,0.1661,0.16450097793384233
-5.326999999999998,17.035,0.1666,0.16756607420049638
-5.321999999999999,17.04,0.1672,0.17148024405377996
-5.316999999999997,17.045,0.1677,0.1633648380100046
-5.311999999999998,17.05,0.1683,0.1671328286478767
-5.306999999999999,17.055,0.1688,0.16642235811735254
-5.302,17.06,0.1694,0.16779389407005604
-5.296999999999997,17.065,0.1699,0.169966691104545
-5.291999999999998,17.07,0.1704,0.1694177602144385
-5.286999999999999,17.075,0.171,0.17179108648966546
-5.282,17.08,0.1715,0.17383782979037044
-5.2769999999999975,17.085,0.172,0.17141570792246688
-5.2719999999999985,17.09,0.1725,0.16897495345506158
-5.2669999999999995,17.095,0.173,0.17502774226591322
-5.261999999999997,17.1,0.1736,0.1743465519034971
-5.256999999999998,17.105,0.1741,0.17667552848690873
-5.251999999999999,17.11,0.1746,0.16982509493811543
-5.247,17.115,0.1751,0.17050437870787855
-5.241999999999997,17.12,0.1756,0.17652526691916504
-5.236999999999998,17.125,0.1761,0.17418769122452876
-5.231999999999999,17.13,0.1766,0.17942394938930228
-5.226999999999997,17.135,0.1771,0.1792513212705048
-5.221999999999998,17.14,0.1775,0.17597999824680735
-5.216999999999999,17.145,0.178,0.18316220439723768
-5.212,17.15,0.1785,0.17823287369432927
-5.206999999999997,17.155,0.179,0.17984290520360524
-5.201999999999998,17.16,0.1795,0.17590835082526213
-5.196999999999999,17.165,0.18,0.1837363233198082
-5.191999999999997,17.17,0.1805,0.18125776242308894
-5.186999999999998,17.175,0.181,0.1836464048261107
-5.181999999999999,17.18,0.1815,0.18093749358433178
-5.177,17.185,0.182,0.18160209242618897
-5.171999999999997,17.19,0.1825,0.18307011133100642
-5.166999999999998,17.195,0.183,0.1857024920571156
-5.161999999999999,17.2,0.1835,0.18149150727330327
-5.157,17.205,0.184,0.18463091160639564
-5.1519999999999975,17.21,0.1845,0.18013307084909033
-5.1469999999999985,17.215,0.1851,0.18298208674895886
-5.1419999999999995,17.22,0.1856,0.18390178037920626
-5.136999999999997,17.225,0.1861,0.18241856530102724
-5.131999999999998,17.23,0.1867,0.18145808426504775
-5.126999999999999,17.235,0.1873,0.1926431880175773
-5.122,17.24,0.1878,0.18677538506743713
-5.116999999999997,17.245,0.1884,0.18616029986549604
-5.111999999999998,17.25,0.189,0.18542481984395545
-5.106999999999999,17.255,0.1896,0.19527664062253944
-5.101999999999997,17.26,0.1902,0.1877563853507005
-5.096999999999998,17.265,0.1908,0.18899377217807967
-5.091999999999999,17.27,0.1915,0.19572593817206216
-5.087,17.275,0.1921,0.1899990982344757
-5.081999999999997,17.28,0.1928,0.1909890248154467
-5.076999999999998,17.285,0.1934,0.18940924012938176
-5.071999999999999,17.29,0.1941,0.18931971756246183
-5.066999999999997,17.295,0.1948,0.19938635232941784
-5.061999999999998,17.3,0.1956,0.19595005421757883
-5.056999999999999,17.305,0.1963,0.20053043895382097
-5.052,17.31,0.197,0.20111296901219175
-5.046999999999997,17.315,0.1978,0.19187816686997133
-5.041999999999998,17.32,0.1986,0.1969841888878188
-5.036999999999999,17.325,0.1994,0.19886881943524579
-5.032,17.33,0.2002,0.19950553156415826
-5.0269999999999975,17.335,0.201,0.2066039874871454
-5.0219999999999985,17.34,0.2018,0.2073738840478568
-5.0169999999999995,17.345,0.2027,0.2014253168520866
-5.011999999999997,17.35,0.2035,0.20468386138241593
-5.006999999999998,17.355,0.2044,0.20960025864621226
-5.001999999999999,17.36,0.2053,0.20499949756755645
-4.997,17.365,0.2062,0.2013507051896271
-4.991999999999997,17.37,0.2071,0.2118035509381611
-4.986999999999998,17.375,0.208,0.20185975575339607
-4.981999999999999,17.38,0.209,0.21203271446170224
-4.976999999999997,17.385,0.2099,0.20517966279895455
-4.971999999999998,17.39,0.2109,0.21467968511203034
-4.966999999999999,17.395,0.2119,0.20615382213900663
-4.962,17.4,0.2129,0.2065533464105758
-4.956999999999997,17.405,0.2139,0.2135411743591994
-4.951999999999998,17.41,0.2149,0.21946249531560538
-4.946999999999999,17.415,0.2159,0.21027355949744045
-4.941999999999997,17.42,0.217,0.2203645036496018
-4.936999999999998,17.425,0.218,0.2124835621480871
-4.931999999999999,17.43,0.2191,0.22116737202902148
-4.927,17.435,0.2202,0.21876942828205864
-4.921999999999997,17.44,0.2213,0.22159338490255176
-4.916999999999998,17.445,0.2223,0.22319876199531014
-4.911999999999999,17.45,0.2234,0.22215076095345734
-4.907,17.455,0.2246,0.22484173006663863
-4.9019999999999975,17.46,0.2257,0.22648966401351778
-4.8969999999999985,17.465,0.2268,0.22945093494608007
-4.8919999999999995,17.47,0.228,0.22492657409014943
-4.886999999999997,17.475,0.2291,0.23091223994751633
-4.881999999999998,17.48,0.2303,0.22656632273301608
-4.876999999999999,17.485,0.2314,0.225656671911478
-4.872,17.49,0.2326,0.23770226265418945
-4.866999999999997,17.495,0.2338,0.23593552192393352
-4.861999999999998,17.5,0.235,0.23776397887104245
-4.856999999999999,17.505,0.2362,0.23799077098217875
-4.851999999999997,17.51,0.2375,0.23524047441425924
-4.846999999999998,17.515,0.2387,0.23767231588627888
-4.841999999999999,17.52,0.24,0.24045170791887413
-4.837,17.525,0.2412,0.23938682915912982
-4.831999999999997,17.53,0.2425,0.24641929269403412
-4.826999999999998,17.535,0.2438,0.2472811620176868
-4.821999999999999,17.54,0.2451,0.2414995146487097
-4.816999999999997,17.545,0.2465,0.24932514819286014
-4.811999999999998,17.55,0.2478,0.24853601041365478
-4.806999999999999,17.555,0.2492,0.24374194416851505
-4.802,17.56,0.2506,0.25026267048626377
-4.796999999999997,17.565,0.252,0.2588327975232804
-4.791999999999998,17.57,0.2534,0.24605312149917383
-4.786999999999999,17.575,0.2549,0.26028865043517735
-4.782,17.58,0.2564,0.2558578046690185
-4.7769999999999975,17.585,0.2579,0.26519068129020307
-4.7719999999999985,17.59,0.2594,0.2662771963367388
-4.7669999999999995,17.595,0.261,0.2600000715038838
-4.761999999999997,17.6,0.2626,0.25719538456021784
-4.756999999999998,17.605,0.2642,0.2587119013906013
-4.751999999999999,17.61,0.2659,0.2710042850782253
-4.747,17.615,0.2676,0.2755147190092107
-4.741999999999997,17.62,0.2694,0.276678231617509
-4.736999999999998,17.625,0.2712,0.26988433585259897
-4.731999999999999,17.63,0.273,0.27045861773759416
-4.726999999999997,17.635,0.2749,0.28281980174345067
-4.721999999999998,17.64,0.2768,0.2756163708295166
-4.716999999999999,17.645,0.2788,0.2859573752839508
-4.712,17.65,0.2808,0.28371460109972196
-4.706999999999997,17.655,0.2829,0.27605602169433757
-4.701999999999998,17.66,0.285,0.28748206399413373
-4.696999999999999,17.665,0.2872,0.29371197653217873
-4.691999999999997,17.67,0.2895,0.2970276913633938
-4.686999999999998,17.675,0.2918,0.28393594508688774
-4.681999999999999,17.68,0.2941,0.2855119672920257
-4.677,17.685,0.2965,0.30006979549936946
-4.671999999999997,17.69,0.299,0.3070878310362751
-4.666999999999998,17.695,0.3016,0.2946226647157029
-4.661999999999999,17.7,0.3042,0.30882210379032937
-4.657,17.705,0.3068,0.3084317152660973
-4.6519999999999975,17.71,0.3096,0.31173166624570925
-4.6469999999999985,17.715,0.3124,0.31913181481164643
-4.6419999999999995,17.72,0.3153,0.319964740115887
-4.636999999999997,17.725,0.3182,0.32107997271965555
-4.631999999999998,17.73,0.3212,0.31858357406439375
-4.626999999999999,17.735,0.3243,0.3205732754660622
-4.622,17.74,0.3275,0.3335365995261748
-4.616999999999997,17.745,0.3307,0.3294666604801379
-4.611999999999998,17.75,0.334,0.33900206608318695
-4.606999999999999,17.755,0.3374,0.331904658480961
-4.601999999999997,17.76,0.3408,0.33231888462929987
-4.596999999999998,17.765,0.3443,0.35073825423697497
-4.591999999999999,17.77,0.3479,0.34080595254278634
-4.587,17.775,0.3515,0.3538169953757598
-4.581999999999997,17.78,0.3552,0.3599829549042001
-4.576999999999998,17.785,0.359,0.36270009711856327
-4.571999999999999,17.79,0.3629,0.35688503246382725
-4.566999999999997,17.795,0.3668,0.3608500367309813
-4.561999999999998,17.8,0.3707,0.37113335274159487
-4.556999999999999,17.805,0.3747,0.3655822441798192
-4.552,17.81,0.3788,0.38175411439397383
-4.546999999999997,17.815,0.383,0.3718000447346285
-4.541999999999998,17.82,0.3871,0.3971792027075601
-4.536999999999999,17.825,0.3914,0.39843558422368125
-4.532,17.83,0.3957,0.4074092241642044
-4.5269999999999975,17.835,0.4,0.391926317454463
-4.5219999999999985,17.84,0.4044,0.4156557245999121
-4.5169999999999995,17.845,0.4088,0.4110338982671733
-4.511999999999997,17.85,0.4133,0.4054044297449526
-4.506999999999998,17.855,0.4178,0.4120671049346362
-4.501999999999999,17.86,0.4223,0.41218577701523545
-4.497,17.865,0.4268,0.42739027985402195
-4.491999999999997,17.87,0.4314,0.43692776881252904
-4.486999999999998,17.875,0.436,0.4260318814287779
-4.481999999999999,17.88,0.4406,0.42988364888444724
-4.476999999999997,17.885,0.4453,0.45662226618080737
-4.471999999999998,17.89,0.4499,0.4590653515719346
-4.466999999999999,17.895,0.4545,0.44372974629645273
-4.462,17.9,0.4592,0.4728946264538266
-4.456999999999997,17.905,0.4639,0.47306370912637635
-4.451999999999998,17.91,0.4685,0.4653302850169609
-4.446999999999999,17.915,0.4731,0.4761172755881613
-4.441999999999997,17.92,0.4778,0.4818366255735051
-4.436999999999998,17.925,0.4824,0.4860499328556482
-4.431999999999999,17.93,0.487,0.48194238852324117
-4.427,17.935,0.4916,0.4994710720099764
-4.421999999999997,17.94,0.4961,0.48657974919341657
-4.416999999999998,17.945,0.5007,0.491553533040942
-4.411999999999999,17.95,0.5051,0.5166697737551574
-4.407,17.955,0.5096,0.5152445161693118
-4.4019999999999975,17.96,0.514,0.5054106026928599
-4.3969999999999985,17.965,0.5184,0.5054480704139769
-4.3919999999999995,17.97,0.5227,0.5233965679195784
-4.386999999999997,17.975,0.527,0.5119574915766718
-4.381999999999998,17.98,0.5312,0.5280065234287455
-4.376999999999999,17.985,0.5354,0.5196338512418787
-4.372,17.99,0.5395,0.5299645727409702
-4.366999999999997,17.995,0.5435,0.5365627757281561
-4.361999999999998,18.0,0.5475,0.5451110759066241
-4.356999999999999,18.005,0.5514,0.5576906603509412
-4.351999999999997,18.01,0.5553,0.5516918565995725
-4.346999999999998,18.015,0.5591,0.5638985858078076
-4.341999999999999,18.02,0.5628,0.5705484077457403
-4.337,18.025,0.5664,0.580051336133624
-4.331999999999997,18.03,0.57,0.5572706435862907
-4.326999999999998,18.035,0.5734,0.5634026667879732
-4.321999999999999,18.04,0.5768,0.5724787526303216
-4.316999999999997,18.045,0.5802,0.5790859460801566
-4.311999999999998,18.05,0.5834,0.5981887383464314
-4.306999999999999,18.055,0.5865,0.5942465314681736
-4.302,18.06,0.5896,0.5963029341178496
-4.296999999999997,18.065,0.5926,0.5804212256597123
-4.291999999999998,18.07,0.5955,0.5807088200107697
-4.286999999999999,18.075,0.5983,0.6107272068894195
-4.282,18.08,0.601,0.5887969418853517
-4.2769999999999975,18.085,0.6037,0.5862692983198619
-4.2719999999999985,18.09,0.6062,0.5923723781425296
-4.2669999999999995,18.095,0.6087,0.6184492616367805
-4.261999999999997,18.1,0.6111,0.6238408476677829
-4.256999999999998,18.105,0.6134,0.613145457193816
-4.251999999999999,18.11,0.6156,0.6213618962020739
-4.247,18.115,0.6177,0.6297362264121641
-4.241999999999997,18.12,0.6198,0.6184907931700967
-4.236999999999998,18.125,0.6218,0.6147377549786934
-4.231999999999999,18.13,0.6236,0.6135456148354533
-4.226999999999997,18.135,0.6255,0.6284785679288576
-4.221999999999998,18.14,0.6272,0.6180935322821473
-4.216999999999999,18.145,0.6288,0.6308217560435185
-4.212,18.15,0.6304,0.6152190184777495
-4.206999999999997,18.155,0.6319,0.6427491773791549
-4.201999999999998,18.16,0.6333,0.6252367618306841
-4.196999999999999,18.165,0.6347,0.6352582100138447
-4.191999999999997,18.17,0.636,0.6516782474610567
-4.186999999999998,18.175,0.6372,0.6539199670736406
-4.181999999999999,18.18,0.6384,0.6556237038906105
-4.177,18.185,0.6395,0.6528162345449562
-4.171999999999997,18.19,0.6405,0.6512896238790777
-4.166999999999998,18.195,0.6415,0.6557002370940163
-4.161999999999999,18.2,0.6424,0.6521959983073743
-4.157,18.205,0.6432,0.6564989025386175
-4.1519999999999975,18.21,0.644,0.6310356161142124
-4.1469999999999985,18.215,0.6448,0.6308371239431471
-4.1419999999999995,18.22,0.6455,0.6292977926023743
-4.136999999999997,18.225,0.6462,0.6459055339243492
-4.131999999999998,18.23,0.6468,0.6358511997059948
-4.126999999999999,18.235,0.6473,0.6549943090291548
-4.122,18.24,0.6479,0.6638403504588741
-4.116999999999997,18.245,0.6484,0.6314414758803574
-4.111999999999998,18.25,0.6488,0.6620799122334637
-4.106999999999999,18.255,0.6493,0.6681036221185461
-4.101999999999997,18.26,0.6496,0.6614936641451575
-4.096999999999998,18.265,0.65,0.6519502653615635
-4.091999999999999,18.27,0.6503,0.6394324716763663
-4.087,18.275,0.6507,0.6541743308829839
-4.081999999999997,18.28,0.6509,0.6540595958761066
-4.076999999999998,18.285,0.6512,0.6556257887444067
-4.071999999999999,18.29,0.6515,0.6543166713901128
-4.066999999999997,18.295,0.6517,0.6389427693771158
-4.061999999999998,18.3,0.6519,0.6573842222757798
-4.056999999999999,18.305,0.6521,0.6570673960221158
-4.052,18.31,0.6523,0.6571793781626547
-4.046999999999997,18.315,0.6525,0.6389556091764403
-4.041999999999998,18.32,0.6527,0.6491927455191233
-4.036999999999999,18.325,0.6528,0.6415314302921754
-4.032,18.33,0.653,0.6456549150678015
-4.0269999999999975,18.335,0.6532,0.6371706277103829
-4.0219999999999985,18.34,0.6533,0.6442983950363907
-4.0169999999999995,18.345,0.6535,0.6487478631080645
-4.011999999999997,18.35,0.6537,0.6707824528351051
-4.006999999999998,18.355,0.6538,0.6379279665006271
-4.001999999999999,18.36,0.654,0.6474601904182438
-3.997,18.365,0.6542,0.6730388092590929
-3.9919999999999973,18.37,0.6544,0.6727153029096238
-3.9869999999999983,18.375,0.6546,0.6701648973017651
-3.9819999999999993,18.38,0.6548,0.6601521077074638
-3.9769999999999968,18.385,0.6551,0.6684505510040429
-3.9719999999999978,18.39,0.6553,0.6612372836584829
-3.9669999999999987,18.395,0.6556,0.6689017002883588
-3.9619999999999997,18.4,0.6559,0.6740121878408271
-3.956999999999997,18.405,0.6562,0.6725772979256894
-3.951999999999998,18.41,0.6566,0.6372990726146254
-3.946999999999999,18.415,0.6569,0.6493419387203672
-3.9419999999999966,18.42,0.6573,0.6504090491645098
-3.9369999999999976,18.425,0.6577,0.6672099533378797
-3.9319999999999986,18.43,0.6581,0.6686783027389673
-3.9269999999999996,18.435,0.6586,0.6533790017436537
-3.921999999999997,18.44,0.6591,0.6781857579620001
-3.916999999999998,18.445,0.6596,0.6768481823304126
-3.911999999999999,18.45,0.6602,0.6749545573017556
-3.907,18.455,0.6608,0.6507756097292031
-3.9019999999999975,18.46,0.6614,0.6786953965120618
-3.8969999999999985,18.465,0.6621,0.6672831049330294
-3.8919999999999995,18.47,0.6628,0.6591613406438094
-3.886999999999997,18.475,0.6635,0.6582620540557022
-3.881999999999998,18.48,0.6643,0.6496847832474881
-3.876999999999999,18.485,0.6651,0.6759104695484404
-3.872,18.49,0.6659,0.659287410656428
-3.8669999999999973,18.495,0.6668,0.6572908741965244
-3.8619999999999983,18.5,0.6678,0.6765902089751313
-3.8569999999999993,18.505,0.6687,0.6678271373481857
-3.8519999999999968,18.51,0.6698,0.6773555636797054
-3.8469999999999978,18.515,0.6708,0.6757558850050792
-3.8419999999999987,18.52,0.6719,0.6762113719661899
-3.8369999999999997,18.525,0.673,0.6535829193615874
-3.831999999999997,18.53,0.6742,0.6835575487307513
-3.826999999999998,18.535,0.6754,0.6690428521155426
-3.821999999999999,18.54,0.6767,0.6658295715408862
-3.8169999999999966,18.545,0.678,0.6896347596082021
-3.8119999999999976,18.55,0.6794,0.680941498051202
-3.8069999999999986,18.555,0.6807,0.6918322399691149
-3.8019999999999996,18.56,0.6822,0.6930177000322166
-3.796999999999997,18.565,0.6836,0.6645022540282883
-3.791999999999998,18.57,0.6851,0.688137866454379
-3.786999999999999,18.575,0.6867,0.6780633314142942
-3.782,18.58,0.6883,0.6764817728477777
-3.7769999999999975,18.585,0.6899,0.685490333332961
-3.7719999999999985,18.59,0.6915,0.7045180262174995
-3.7669999999999995,18.595,0.6932,0.6926800101006679
-3.761999999999997,18.6,0.6949,0.6911699373981244
-3.756999999999998,18.605,0.6967,0.7121906832853759
-3.751999999999999,18.61,0.6985,0.6785553499085087
-3.747,18.615,0.7003,0.6990286470389022
-3.7419999999999973,18.62,0.7021,0.71329746380536
-3.7369999999999983,18.625,0.704,0.70423001060256
-3.7319999999999993,18.63,0.7059,0.6986877250336727
-3.7269999999999968,18.635,0.7078,0.6971929245475024
-3.7219999999999978,18.64,0.7097,0.6903784706693119
-3.7169999999999987,18.645,0.7117,0.7252477194504595
-3.7119999999999997,18.65,0.7136,0.7134264201402293
-3.706999999999997,18.655,0.7156,0.6963516845707204
-3.701999999999998,18.66,0.7176,0.7129931416548541
-3.696999999999999,18.665,0.7196,0.7260743766363768
-3.6919999999999966,18.67,0.7216,0.7318911542770776
-3.6869999999999976,18.675,0.7236,0.7331768002292199
-3.6819999999999986,18.68,0.7257,0.7465219508547278
-3.6769999999999996,18.685,0.7277,0.7380109601460525
-3.671999999999997,18.69,0.7297,0.7095737633721343
-3.666999999999998,18.695,0.7317,0.71312604426341
-3.661999999999999,18.7,0.7338,0.7520263583767316
-3.657,18.705,0.7358,0.7561811506111709
-3.6519999999999975,18.71,0.7378,0.7538928707599303
-3.6469999999999985,18.715,0.7398,0.754809965404626
-3.6419999999999995,18.72,0.7419,0.7562422324783662
-3.636999999999997,18.725,0.7438,0.7497031197852672
-3.631999999999998,18.73,0.7458,0.7291869356554257
-3.626999999999999,18.735,0.7478,0.7611250820169116
-3.622,18.74,0.7498,0.7411589704926712
-3.6169999999999973,18.745,0.7517,0.7300687742799704
-3.6119999999999983,18.75,0.7537,0.765064398245767
-3.6069999999999993,18.755,0.7556,0.7429208414700209
-3.6019999999999968,18.76,0.7575,0.7392070954863665
-3.5969999999999978,18.765,0.7594,0.7766667703927067
-3.5919999999999987,18.77,0.7613,0.75887402740949
-3.5869999999999997,18.775,0.7631,0.7637788892401045
-3.581999999999997,18.78,0.765,0.7530318099604492
-3.576999999999998,18.785,0.7668,0.7649055698239405
-3.571999999999999,18.79,0.7686,0.7548495248115279
-3.5669999999999966,18.795,0.7704,0.7545553896213167
-3.5619999999999976,18.8,0.7721,0.7896428802598668
-3.5569999999999986,18.805,0.7739,0.7681910337367214
-3.5519999999999996,18.81,0.7756,0.7935238537543942
-3.546999999999997,18.815,0.7773,0.7736031475339596
-3.541999999999998,18.82,0.779,0.7849977562889331
-3.536999999999999,18.825,0.7807,0.7737641329478175
-3.532,18.83,0.7824,0.7884992483052198
-3.5269999999999975,18.835,0.7841,0.7620207604981736
-3.5219999999999985,18.84,0.7857,0.7812805723230035
-3.5169999999999995,18.845,0.7873,0.7682804235666322
-3.511999999999997,18.85,0.789,0.8103367096338376
-3.506999999999998,18.855,0.7906,0.7776797243727236
-3.501999999999999,18.86,0.7922,0.8010564972765243
-3.497,18.865,0.7938,0.8076002642287694
-3.4919999999999973,18.87,0.7954,0.8078608889748439
-3.4869999999999983,18.875,0.797,0.8193564176800531
-3.4819999999999993,18.88,0.7986,0.81158066965138
-3.4769999999999968,18.885,0.8002,0.8156375213674618
-3.4719999999999978,18.89,0.8019,0.8141509608863485
-3.4669999999999987,18.895,0.8035,0.7867208365451965
-3.4619999999999997,18.9,0.8051,0.8157869855721996
-3.456999999999997,18.905,0.8067,0.8114543476801809
-3.451999999999998,18.91,0.8083,0.8124854648157342
-3.446999999999999,18.915,0.81,0.8120381802925337
-3.4419999999999966,18.92,0.8116,0.8053203593940562
-3.4369999999999976,18.925,0.8133,0.813817747450299
-3.4319999999999986,18.93,0.815,0.8212832552010723
-3.4269999999999996,18.935,0.8167,0.8388004264501209
-3.421999999999997,18.94,0.8184,0.8044004023103047
-3.416999999999998,18.945,0.8202,0.8009774282853598
-3.411999999999999,18.95,0.8219,0.8334705743489152
-3.407,18.955,0.8237,0.82058314058389
-3.4019999999999975,18.96,0.8255,0.8067815276485794
-3.3969999999999985,18.965,0.8273,0.826545616838068
-3.3919999999999995,18.97,0.8292,0.8367341277397403
-3.386999999999997,18.975,0.8311,0.8326121247409657
-3.381999999999998,18.98,0.833,0.856333952693156
-3.376999999999999,18.985,0.8349,0.855456860322127
-3.372,18.99,0.8369,0.8606879071263993
-3.3669999999999973,18.995,0.8389,0.8619656996542241
-3.3619999999999983,19.0,0.8409,0.8647693956965898
-3.3569999999999993,19.005,0.8429,0.839825066579063
-3.3519999999999968,19.01,0.845,0.8686710284013606
-3.3469999999999978,19.015,0.8471,0.8623658719530494
-3.3419999999999987,19.02,0.8493,0.8676797546351762
-3.3369999999999997,19.025,0.8515,0.8692397109023705
-3.331999999999997,19.03,0.8537,0.8319980132462479
-3.326999999999998,19.035,0.8559,0.8312212012897984
-3.321999999999999,19.04,0.8582,0.8416086329700314
-3.3169999999999966,19.045,0.8605,0.8368588831143562
-3.3119999999999976,19.05,0.8629,0.8709819598313588
-3.3069999999999986,19.055,0.8653,0.8605808374597469
-3.3019999999999996,19.06,0.8677,0.8671096067226116
-3.296999999999997,19.065,0.8701,0.8740861641995031
-3.291999999999998,19.07,0.8726,0.8734233539917599
-3.286999999999999,19.075,0.8751,0.8677246053443761
-3.282,19.08,0.8777,0.8755392964334182
-3.2769999999999975,19.085,0.8803,0.8808328745650238
-3.2719999999999985,19.09,0.8829,0.8867095876679674
-3.2669999999999995,19.095,0.8855,0.8778834784484001
-3.261999999999997,19.1,0.8882,0.895265667527382
-3.256999999999998,19.105,0.8909,0.9118511410666648
-3.251999999999999,19.11,0.8936,0.8969335303869463
-3.247,19.115,0.8964,0.8863757584884758
-3.2419999999999973,19.12,0.8992,0.9154262867172415
-3.2369999999999983,19.125,0.902,0.9116216416575557
-3.2319999999999993,19.13,0.9049,0.9080415243477152
-3.2269999999999968,19.135,0.9078,0.9202176157416878
-3.2219999999999978,19.14,0.9107,0.9089302873639181
-3.2169999999999987,19.145,0.9136,0.9037649454013481
-3.2119999999999997,19.15,0.9166,0.9339968345175357
-3.206999999999997,19.155,0.9196,0.9091457450080559
-3.201999999999998,19.16,0.9226,0.9298469749395452
-3.196999999999999,19.165,0.9256,0.9316841068614345
-3.1919999999999966,19.17,0.9287,0.9395010586528586
-3.1869999999999976,19.175,0.9317,0.9473509005008266
-3.1819999999999986,19.18,0.9348,0.9533990955684024
-3.1769999999999996,19.185,0.938,0.9352958064777229
-3.171999999999997,19.19,0.9411,0.957676001097002
-3.166999999999998,19.195,0.9443,0.9454399254219384
-3.161999999999999,19.2,0.9474,0.9328880662869253
-3.157,19.205,0.9506,0.9357146710703865
-3.1519999999999975,19.21,0.9538,0.9612940287164935
-3.1469999999999985,19.215,0.9571,0.9288700341332127
-3.1419999999999995,19.22,0.9603,0.9319566763675469
-3.136999999999997,19.225,0.9635,0.9404136004676971
-3.131999999999998,19.23,0.9668,0.9425524723180004
-3.126999999999999,19.235,0.9701,0.983503777899055
-3.122,19.24,0.9733,0.9561142085791668
-3.1169999999999973,19.245,0.9766,0.9736396504453504
-3.1119999999999983,19.25,0.9799,0.9782416302342342
-3.1069999999999993,19.255,0.9832,1.0020279256757503
-3.1019999999999968,19.26,0.9864,0.9773250450323404
-3.0969999999999978,19.265,0.9897,0.9879070002915255
-3.0919999999999987,19.27,0.993,0.9862662009417771
-3.0869999999999997,19.275,0.9962,0.9945836336837139
-3.081999999999997,19.28,0.9995,1.0119301711164852
-3.076999999999998,19.285,1.003,0.9943709023966776
-3.071999999999999,19.29,1.006,1.0058316036026775
-3.0669999999999966,19.295,1.009,1.0382330557577724
-3.0619999999999976,19.3,1.012,1.0383235725041338
-3.0569999999999986,19.305,1.015,1.0269653942060406
-3.0519999999999996,19.31,1.019,0.9958383067714682
-3.046999999999997,19.315,1.022,1.021877323011877
-3.041999999999998,19.32,1.025,1.035488086812769
-3.036999999999999,19.325,1.028,1.03918491543591
-3.032,19.33,1.031,1.0283675542281114
-3.0269999999999975,19.335,1.034,1.0336653587415232
-3.0219999999999985,19.34,1.037,1.0576310380192222
-3.0169999999999995,19.345,1.039,1.0414316826928296
-3.011999999999997,19.35,1.042,1.0355251370796439
-3.006999999999998,19.355,1.045,1.0185797406842696
-3.001999999999999,19.36,1.048,1.0378950130952844
-2.997,19.365,1.05,1.041245669704893
-2.9919999999999973,19.37,1.053,1.0822492823072105
-2.9869999999999983,19.375,1.055,1.0565800636241895
-2.9819999999999993,19.38,1.057,1.0712207426186888
-2.9769999999999968,19.385,1.06,1.0371859240694994
-2.9719999999999978,19.39,1.062,1.044250506857239
-2.9669999999999987,19.395,1.064,1.0649412301168975
-2.9619999999999997,19.4,1.066,1.0551533858867947
-2.956999999999997,19.405,1.068,1.0845084231162627
-2.951999999999998,19.41,1.07,1.0815276963041673
-2.946999999999999,19.415,1.071,1.0758610041540249
-2.9419999999999966,19.42,1.073,1.0850415364203674
-2.9369999999999976,19.425,1.074,1.0651446519929486
-2.9319999999999986,19.43,1.076,1.1053229141159109
-2.9269999999999996,19.435,1.077,1.0812519363004072
-2.921999999999997,19.44,1.078,1.0981513589114629
-2.916999999999998,19.445,1.079,1.0887081691297005
-2.911999999999999,19.45,1.079,1.0854062852203823
-2.907,19.455,1.08,1.0676471438089548
-2.9019999999999975,19.46,1.081,1.0957692745543002
-2.8969999999999985,19.465,1.081,1.054755552150851
-2.8919999999999995,19.47,1.081,1.0795780265974744
-2.886999999999997,19.475,1.081,1.0545174332191942
-2.881999999999998,19.48,1.081,1.0736247611891743
-2.876999999999999,19.485,1.08,1.0965079481341926
-2.872,19.49,1.08,1.1011453296292317
-2.8669999999999973,19.495,1.079,1.0982039190708806
-2.8619999999999983,19.5,1.078,1.0820003773036406
-2.8569999999999993,19.505,1.077,1.076329880919735
-2.8519999999999968,19.51,1.076,1.054218916999253
-2.8469999999999978,19.515,1.075,1.0432180920689496
-2.8419999999999987,19.52,1.073,1.0554784808221402
-2.8369999999999997,19.525,1.072,1.0777437021156508
-2.831999999999997,19.53,1.07,1.0941432996110028
-2.826999999999998,19.535,1.067,1.0631567765525582
-2.821999999999999,19.54,1.065,1.0383210412082329
-2.8169999999999966,19.545,1.063,1.060417725524233
-2.8119999999999976,19.55,1.06,1.033512044763798
-2.8069999999999986,19.555,1.057,1.04548811708687
-2.8019999999999996,19.56,1.054,1.0594118186211983
-2.796999999999997,19.565,1.051,1.0815462350654261
-2.791999999999998,19.57,1.047,1.019527402805045
-2.786999999999999,19.575,1.044,1.0299021073442398
-2.782,19.58,1.04,1.0250241464506178
-2.7769999999999975,19.585,1.036,1.0057990938153163
-2.7719999999999985,19.59,1.032,1.0411728795776873
-2.7669999999999995,19.595,1.027,1.035204140367208
-2.761999999999997,19.6,1.023,1.028586794886262
-2.756999999999998,19.605,1.018,0.98788827930398
-2.751999999999999,19.61,1.013,1.0089236323967865
-2.747,19.615,1.008,1.0181200621212396
-2.7419999999999973,19.62,1.003,1.0048686952390182
-2.7369999999999983,19.625,0.9978,0.9813554162184063
-2.7319999999999993,19.63,0.9923,0.990799828228107
-2.7269999999999968,19.635,0.9866,0.9998237304827584
-2.7219999999999978,19.64,0.9808,0.9965804575766556
-2.7169999999999987,19.645,0.9748,0.9951117095569368
-2.7119999999999997,19.65,0.9687,0.9645911887978221
-2.706999999999997,19.655,0.9625,0.9410305831230417
-2.701999999999998,19.66,0.9561,0.9773659877276402
-2.696999999999999,19.665,0.9496,0.9540718736129946
-2.6919999999999966,19.67,0.9429,0.9170948699400934
-2.6869999999999976,19.675,0.9362,0.9627034326839581
-2.6819999999999986,19.68,0.9293,0.9114727615539653
-2.6769999999999996,19.685,0.9223,0.9034729426206163
-2.671999999999997,19.69,0.9153,0.916191885451858
-2.666999999999998,19.695,0.9081,0.9244364889939415
-2.661999999999999,19.7,0.9008,0.9091646763892893
-2.657,19.705,0.8935,0.9149562734098802
-2.6519999999999975,19.71,0.886,0.8682002047096897
-2.6469999999999985,19.715,0.8785,0.8527966587918006
-2.6419999999999995,19.72,0.8709,0.8781733376152928
-2.636999999999997,19.725,0.8633,0.8817445670527194
-2.631999999999998,19.73,0.8556,0.8405750212263984
-2.626999999999999,19.735,0.8479,0.8659612223797839
-2.622,19.74,0.8401,0.842404095912096
-2.6169999999999973,19.745,0.8322,0.8159783403022559
-2.6119999999999983,19.75,0.8243,0.8348310547112954
-2.6069999999999993,19.755,0.8164,0.7950883573602837
-2.6019999999999968,19.76,0.8085,0.8067046876037275
-2.5969999999999978,19.765,0.8006,0.780447162965304
-2.5919999999999987,19.77,0.7926,0.7813081219596855
-2.5869999999999997,19.775,0.7847,0.7629349594014372
-2.581999999999997,19.78,0.7767,0.7645780727865673
-2.576999999999998,19.785,0.7688,0.7540968231009254
-2.571999999999999,19.79,0.7608,0.7423033678845912
-2.5669999999999966,19.795,0.7529,0.7315603247478313
-2.5619999999999976,19.8,0.745,0.7609047802570932
-2.5569999999999986,19.805,0.7371,0.7398991158909806
-2.5519999999999996,19.81,0.7293,0.7155367632127039
-2.546999999999997,19.815,0.7215,0.7009917469321503
-2.541999999999998,19.82,0.7137,0.7278427214162124
-2.536999999999999,19.825,0.706,0.7137718496431499
-2.532,19.83,0.6983,0.6996398569504487
-2.5269999999999975,19.835,0.6906,0.691603002786475
-2.5219999999999985,19.84,0.6831,0.6708612775251293
-2.5169999999999995,19.845,0.6756,0.685144113050806
-2.511999999999997,19.85,0.6681,0.6654392370232056
-2.506999999999998,19.855,0.6607,0.6792955424968647
-2.501999999999999,19.86,0.6534,0.6681510117078431
-2.497,19.865,0.6462,0.6631249454162602
-2.4919999999999973,19.87,0.639,0.6488739067228394
-2.4869999999999983,19.875,0.6319,0.6424343315206079
-2.4819999999999993,19.88,0.6249,0.6377440639347692
-2.4769999999999968,19.885,0.618,0.6232362964397651
-2.4719999999999978,19.89,0.6111,0.6200090051175048
-2.4669999999999987,19.895,0.6044,0.597789364327634
-2.4619999999999997,19.9,0.5977,0.5973245768088519
-2.456999999999997,19.905,0.5912,0.5905191543640945
-2.451999999999998,19.91,0.5847,0.5796295909688328
-2.446999999999999,19.915,0.5783,0.5940239207477113
-2.4419999999999966,19.92,0.572,0.5857298505102703
-2.4369999999999976,19.925,0.5658,0.5574472873594555
-2.4319999999999986,19.93,0.5598,0.5605042729336979
-2.4269999999999996,19.935,0.5538,0.5441976100764914
-2.421999999999997,19.94,0.5479,0.5466120599672741
-2.416999999999998,19.945,0.5421,0.5579739468810737
-2.411999999999999,19.95,0.5364,0.5367056772112795
-2.407,19.955,0.5308,0.5171837855131216
-2.4019999999999975,19.96,0.5253,0.5119176884713195
-2.3969999999999985,19.965,0.5199,0.5290470401660141
-2.3919999999999995,19.97,0.5146,0.503723310588364
-2.386999999999997,19.975,0.5094,0.5114423640242196
-2.381999999999998,19.98,0.5044,0.5073541677276122
-2.376999999999999,19.985,0.4994,0.4888723725600394
-2.372,19.99,0.4945,0.5050945107451268
-2.3669999999999973,19.995,0.4897,0.4885305688304959
-2.3619999999999983,20.0,0.485,0.48121686342189646
-2.3569999999999993,20.005,0.4804,0.4745155538581302
-2.3519999999999968,20.01,0.4759,0.4868343212668975
-2.3469999999999978,20.015,0.4715,0.47231825185085313
-2.3419999999999987,20.02,0.4672,0.4649790318011562
-2.3369999999999997,20.025,0.463,0.4759729371356753
-2.331999999999997,20.03,0.4588,0.4540849911139824
-2.326999999999998,20.035,0.4548,0.4488239648616503
-2.321999999999999,20.04,0.4509,0.44252278483570384
-2.3169999999999966,20.045,0.447,0.4542312915820392
-2.3119999999999976,20.05,0.4433,0.4461032302910143
-2.3069999999999986,20.055,0.4396,0.44395988665392216
-2.3019999999999996,20.06,0.436,0.4418211303896676
-2.296999999999997,20.065,0.4325,0.438059780926963
-2.291999999999998,20.07,0.4291,0.4186377078584987
-2.286999999999999,20.075,0.4258,0.4179985769842997
-2.282,20.08,0.4225,0.4265336935728778
-2.2769999999999975,20.085,0.4194,0.4246638200372711
-2.2719999999999985,20.09,0.4163,0.41611476684275966
-2.2669999999999995,20.095,0.4133,0.41300787039058673
-2.261999999999997,20.1,0.4104,0.4027872155393492
-2.256999999999998,20.105,0.4075,0.4121041970650785
-2.251999999999999,20.11,0.4048,0.4152482645455127
-2.247,20.115,0.4021,0.41411292364711744
-2.2419999999999973,20.12,0.3995,0.4095808171748036
-2.2369999999999983,20.125,0.3969,0.4047751789212812
-2.2319999999999993,20.13,0.3945,0.40617628930503274
-2.2269999999999968,20.135,0.3921,0.38262578288596
-2.2219999999999978,20.14,0.3898,0.39149093889796865
-2.2169999999999987,20.145,0.3875,0.37846201334305724
-2.2119999999999997,20.15,0.3853,0.3765456628302387
-2.206999999999997,20.155,0.3832,0.37965656908151785
-2.201999999999998,20.16,0.3812,0.3882555831578608
-2.196999999999999,20.165,0.3792,0.3766737756004313
-2.1919999999999966,20.17,0.3774,0.3842915279136058
-2.1869999999999976,20.175,0.3755,0.3773929848611843
-2.1819999999999986,20.18,0.3738,0.37513925152608685
-2.1769999999999996,20.185,0.3721,0.3798909575265133
-2.171999999999997,20.19,0.3705,0.3773792602215627
-2.166999999999998,20.195,0.3689,0.3788523982515639
-2.161999999999999,20.2,0.3674,0.376924968389552
-2.157,20.205,0.366,0.3562660358565469
-2.1519999999999975,20.21,0.3646,0.36226270506467556
-2.1469999999999985,20.215,0.3634,0.36774155077581266
-2.1419999999999995,20.22,0.3621,0.3691403996737634
-2.136999999999997,20.225,0.361,0.36822039212978636
-2.131999999999998,20.23,0.3599,0.3693693059214978
-2.126999999999999,20.235,0.3589,0.36674815608155065
-2.122,20.24,0.3579,0.35681036562096496
-2.1169999999999973,20.245,0.3571,0.3503415070183771
-2.1119999999999983,20.25,0.3563,0.3660454094632375
-2.1069999999999993,20.255,0.3555,0.36010251953686667
-2.1019999999999968,20.26,0.3549,0.34475905517466754
-2.0969999999999978,20.265,0.3543,0.3569107112960752
-2.0919999999999987,20.27,0.3537,0.3453614557043007
-2.0869999999999997,20.275,0.3533,0.34654898892327485
-2.081999999999997,20.28,0.3529,0.3515276450901446
-2.076999999999998,20.285,0.3526,0.3569564939133676
-2.071999999999999,20.29,0.3524,0.3565337376138669
-2.0669999999999966,20.295,0.3523,0.34738793383923405
-2.0619999999999976,20.3,0.3522,0.35969596433548484
-2.0569999999999986,20.305,0.3522,0.34824565953397363
-2.0519999999999996,20.31,0.3523,0.3540955785606833
-2.046999999999997,20.315,0.3525,0.35769087729282556
-2.041999999999998,20.32,0.3528,0.3608776052825171
-2.036999999999999,20.325,0.3532,0.34478465926963614
-2.032,20.33,0.3537,0.36290513197149193
-2.0269999999999975,20.335,0.3542,0.3574219042961609
-2.0219999999999985,20.34,0.3549,0.3463860977318707
-2.0169999999999995,20.345,0.3557,0.3528375465183668
-2.011999999999997,20.35,0.3566,0.3463838358316163
-2.006999999999998,20.355,0.3576,0.3526052514803632
-2.001999999999999,20.36,0.3587,0.3541267396508766
-1.9969999999999999,20.365,0.3599,0.3571918560898216
-1.9919999999999973,20.37,0.3612,0.35707117322394516
-1.9869999999999983,20.375,0.3627,0.3542847907253442
-1.9819999999999993,20.38,0.3643,0.36429369977886245
-1.9769999999999968,20.385,0.366,0.3759246630322326
-1.9719999999999978,20.39,0.3679,0.35842136116206336
-1.9669999999999987,20.395,0.3699,0.36438498721632084
-1.9619999999999997,20.4,0.3721,0.36652442646140126
-1.9569999999999972,20.405,0.3744,0.38251973056384314
-1.9519999999999982,20.41,0.3769,0.38338212551933987
-1.9469999999999992,20.415,0.3796,0.3686419694390139
-1.9419999999999966,20.42,0.3824,0.39205141994179704
-1.9369999999999976,20.425,0.3854,0.37511223458271775
-1.9319999999999986,20.43,0.3886,0.3916854117980817
-1.9269999999999996,20.435,0.392,0.3845236493477471
-1.921999999999997,20.44,0.3955,0.3877221725334368
-1.916999999999998,20.445,0.3993,0.41073450540612216
-1.911999999999999,20.45,0.4033,0.3984116199864226
-1.907,20.455,0.4075,0.40463154939881574
-1.9019999999999975,20.46,0.412,0.4097964287130552
-1.8969999999999985,20.465,0.4166,0.4249478739826463
-1.8919999999999995,20.47,0.4216,0.4111435260824151
-1.886999999999997,20.475,0.4267,0.41542219392659296
-1.881999999999998,20.48,0.4321,0.4295055895377089
-1.876999999999999,20.485,0.4378,0.4460406844161799
-1.8719999999999999,20.49,0.4438,0.435469789372304
-1.8669999999999973,20.495,0.45,0.4372026460879028
-1.8619999999999983,20.5,0.4565,0.446806753440418
-1.8569999999999993,20.505,0.4634,0.46112815915521693
-1.8519999999999968,20.51,0.4705,0.48005025255422523
-1.8469999999999978,20.515,0.4779,0.474365841974121
-1.8419999999999987,20.52,0.4857,0.48744982090691735
-1.8369999999999997,20.525,0.4937,0.504957838105885
-1.8319999999999972,20.53,0.5021,0.5151757397543438
-1.8269999999999982,20.535,0.5109,0.5210792717229579
-1.8219999999999992,20.54,0.52,0.512190338037823
-1.8169999999999966,20.545,0.5294,0.5194309771519044
-1.8119999999999976,20.55,0.5392,0.5471066270947554
-1.8069999999999986,20.555,0.5494,0.5479704906586057
-1.8019999999999996,20.56,0.5599,0.54583151532528
-1.796999999999997,20.565,0.5708,0.577496638279075
-1.791999999999998,20.57,0.5821,0.5660542241288569
-1.786999999999999,20.575,0.5938,0.5781444019538478
-1.782,20.58,0.6059,0.6021520280581707
-1.7769999999999975,20.585,0.6183,0.6000644233599588
-1.7719999999999985,20.59,0.6312,0.6303240239970843
-1.7669999999999995,20.595,0.6444,0.656367647021888
-1.761999999999997,20.6,0.6581,0.6458104574512011
-1.756999999999998,20.605,0.6722,0.6792419077329356
-1.751999999999999,20.61,0.6867,0.6668614812227073
-1.7469999999999999,20.615,0.7015,0.7100437454960972
-1.7419999999999973,20.62,0.7168,0.7304835744002717
-1.7369999999999983,20.625,0.7325,0.7312103403825233
-1.7319999999999993,20.63,0.7487,0.7451539804817493
-1.7269999999999968,20.635,0.7652,0.7687322264037281
-1.7219999999999978,20.64,0.7821,0.7772440980499914
-1.7169999999999987,20.645,0.7994,0.8181570523362988
-1.7119999999999997,20.65,0.8171,0.7980676209527217
-1.7069999999999972,20.655,0.8352,0.835611068508282
-1.7019999999999982,20.66,0.8537,0.8439864416840637
-1.6969999999999992,20.665,0.8725,0.86855322112549
-1.6919999999999966,20.67,0.8917,0.9119336845128799
-1.6869999999999976,20.675,0.9113,0.9383155408653322
-1.6819999999999986,20.68,0.9312,0.9261588788771172
-1.6769999999999996,20.685,0.9515,0.927785861604671
-1.671999999999997,20.69,0.9721,0.9812245638517832
-1.666999999999998,20.695,0.993,1.0048416339344433
-1.661999999999999,20.7,1.014,1.0077625815208402
-1.657,20.705,1.036,1.018869941233396
-1.6519999999999975,20.71,1.058,1.0511773531102713
-1.6469999999999985,20.715,1.08,1.1039980794449995
-1.6419999999999995,20.72,1.102,1.0804105885029471
-1.636999999999997,20.725,1.125,1.1085605869942932
-1.631999999999998,20.73,1.147,1.177315970904399
-1.626999999999999,20.735,1.17,1.151749912407999
-1.6219999999999999,20.74,1.193,1.1716529690923432
-1.6169999999999973,20.745,1.217,1.2116573036915284
-1.6119999999999983,20.75,1.24,1.206349302378514
-1.6069999999999993,20.755,1.264,1.2578419782292947
-1.6019999999999968,20.76,1.287,1.2726871933794262
-1.5969999999999978,20.765,1.311,1.349122067660415
-1.5919999999999987,20.77,1.335,1.3191053394442966
-1.5869999999999997,20.775,1.359,1.3339183569978068
-1.5819999999999972,20.78,1.382,1.3922265738105823
-1.5769999999999982,20.785,1.406,1.3708705628207427
-1.5719999999999992,20.79,1.43,1.4369051263699484
-1.5669999999999966,20.795,1.454,1.4733022499842618
-1.5619999999999976,20.8,1.477,1.448134171265992
-1.5569999999999986,20.805,1.501,1.5042470451968857
-1.5519999999999996,20.81,1.524,1.504444536415662
-1.546999999999997,20.815,1.547,1.5173493260729418
-1.541999999999998,20.82,1.57,1.5733375583472773
-1.536999999999999,20.825,1.593,1.586243692747784
-1.532,20.83,1.615,1.641935649615628
-1.5269999999999975,20.835,1.637,1.6452289927782553
-1.5219999999999985,20.84,1.659,1.6654765172947168
-1.5169999999999995,20.845,1.681,1.692513578523778
-1.511999999999997,20.85,1.702,1.732436969219019
-1.506999999999998,20.855,1.723,1.7427411045335173
-1.501999999999999,20.86,1.743,1.7720789399268955
-1.4969999999999999,20.865,1.764,1.790055477298283
-1.4919999999999973,20.87,1.783,1.8132869711208064
-1.4869999999999983,20.875,1.802,1.8347727205354945
-1.4819999999999993,20.88,1.821,1.8083460118853263
-1.4769999999999968,20.885,1.839,1.862670208236976
-1.4719999999999978,20.89,1.857,1.8381831660212293
-1.4669999999999987,20.895,1.874,1.9053169759631834
-1.4619999999999997,20.9,1.89,1.9418126712669503
-1.4569999999999972,20.905,1.906,1.8693413376114822
-1.4519999999999982,20.91,1.921,1.9128572849603387
-1.4469999999999992,20.915,1.936,1.9074187834753284
-1.4419999999999966,20.92,1.95,1.9722782743504093
-1.4369999999999976,20.925,1.963,1.957148837227825
-1.4319999999999986,20.93,1.976,1.9937211669271466
-1.4269999999999996,20.935,1.988,2.0034255534229457
-1.421999999999997,20.94,1.999,1.9525457509739648
-1.416999999999998,20.945,2.01,2.0408096676526224
-1.411999999999999,20.95,2.019,2.0093821338512017
-1.407,20.955,2.028,1.9966388434028863
-1.4019999999999975,20.96,2.037,2.0658194554329787
-1.3969999999999985,20.965,2.044,2.0693004474550802
-1.3919999999999995,20.97,2.051,2.021372843581726
-1.386999999999997,20.975,2.058,2.1119057376594133
-1.381999999999998,20.98,2.063,2.070838684570355
-1.376999999999999,20.985,2.068,2.096347264037812
-1.3719999999999999,20.99,2.071,2.0956865923296526
-1.3669999999999973,20.995,2.075,2.1347946925134984
-1.3619999999999983,21.0,2.077,2.136886830268813
-1.3569999999999993,21.005,2.079,2.0482880397828755
-1.3519999999999968,21.01,2.08,2.0578986400813433
-1.3469999999999978,21.015,2.08,2.086531794321169
-1.3419999999999987,21.02,2.079,2.097237339445673
-1.3369999999999997,21.025,2.078,2.126864210330995
-1.3319999999999972,21.03,2.076,2.0831962814096343
-1.3269999999999982,21.035,2.073,2.0874873036840613
-1.3219999999999992,21.04,2.07,2.065840703754369
-1.3169999999999966,21.045,2.066,2.0532499356238314
-1.3119999999999976,21.05,2.061,2.008106926635393
-1.3069999999999986,21.055,2.056,2.0160326885222974
-1.3019999999999996,21.06,2.05,2.1077452075471927
-1.296999999999997,21.065,2.043,2.100553709991452
-1.291999999999998,21.07,2.036,1.9947458982050892
-1.286999999999999,21.075,2.028,2.008846793880231
-1.282,21.08,2.02,2.052242790523146
-1.2769999999999975,21.085,2.011,1.99677375555639
-1.2719999999999985,21.09,2.002,2.028028562855512
-1.2669999999999995,21.095,1.992,1.9534043967021748
-1.261999999999997,21.1,1.981,1.9966920323822965
-1.256999999999998,21.105,1.971,1.9414591876905052
-1.251999999999999,21.11,1.959,2.0141538958014955
-1.2469999999999999,21.115,1.948,1.9045698057648277
-1.2419999999999973,21.12,1.936,1.9780980815600182
-1.2369999999999983,21.125,1.923,1.968518490208409
-1.2319999999999993,21.13,1.91,1.9610136005672323
-1.2269999999999968,21.135,1.897,1.9301618589496563
-1.2219999999999978,21.14,1.884,1.8986765581423464
-1.2169999999999987,21.145,1.87,1.8513638048966647
-1.2119999999999997,21.15,1.856,1.8130142996990093
-1.2069999999999972,21.155,1.842,1.8950356246940765
-1.2019999999999982,21.16,1.828,1.802314293251418
-1.1969999999999992,21.165,1.814,1.8264939611295763
-1.1919999999999966,21.17,1.799,1.7792597088680866
-1.1869999999999976,21.175,1.784,1.8276622396836513
-1.1819999999999986,21.18,1.769,1.7568572286697415
-1.1769999999999996,21.185,1.754,1.7890674591276048
-1.171999999999997,21.19,1.739,1.70975988849538
-1.166999999999998,21.195,1.724,1.736137356118684
-1.161999999999999,21.2,1.709,1.6900778866788102
-1.157,21.205,1.694,1.6623073282589884
-1.1519999999999975,21.21,1.679,1.6722056537938728
-1.1469999999999985,21.215,1.664,1.641980431155187
-1.1419999999999995,21.22,1.649,1.6056825755330424
-1.136999999999997,21.225,1.635,1.642814870197323
-1.131999999999998,21.23,1.62,1.654367469014915
-1.126999999999999,21.235,1.605,1.6470989370974758
-1.1219999999999999,21.24,1.591,1.6182672631541721
-1.1169999999999973,21.245,1.576,1.596923184446184
-1.1119999999999983,21.25,1.562,1.6008803248332137
-1.1069999999999993,21.255,1.548,1.502178493643178
-1.1019999999999968,21.26,1.535,1.5466648483315846
-1.0969999999999978,21.265,1.521,1.4852519431432085
-1.0919999999999987,21.27,1.508,1.509525529005993
-1.0869999999999997,21.275,1.495,1.537392811044937
-1.0819999999999972,21.28,1.482,1.4945767696433327
-1.0769999999999982,21.285,1.469,1.4405813694936938
-1.0719999999999992,21.29,1.457,1.4511368437915506
-1.0669999999999966,21.295,1.445,1.4557447583568595
-1.0619999999999976,21.3,1.433,1.4602027920936362
-1.0569999999999986,21.305,1.422,1.434607340263027
-1.0519999999999996,21.31,1.411,1.3952393069219635
-1.046999999999997,21.315,1.4,1.4372656576300695
-1.041999999999998,21.32,1.39,1.4296075537331419
-1.036999999999999,21.325,1.379,1.3928749753716396
-1.032,21.33,1.37,1.3843656737547327
-1.0269999999999975,21.335,1.36,1.3749571948134465
-1.0219999999999985,21.34,1.351,1.3830847645783326
-1.0169999999999995,21.345,1.342,1.3110319105171393
-1.011999999999997,21.35,1.333,1.3225447491876965
-1.006999999999998,21.355,1.325,1.333781924829611
-1.001999999999999,21.36,1.317,1.2935922462353318
-0.9969999999999999,21.365,1.31,1.31127564056698
-0.9919999999999973,21.37,1.303,1.3161754751453199
-0.9869999999999983,21.375,1.296,1.2914275769661139
-0.9819999999999993,21.38,1.289,1.321656615323999
-0.9769999999999968,21.385,1.283,1.3191386043910394
-0.9719999999999978,21.39,1.277,1.309314811372559
-0.9669999999999987,21.395,1.271,1.2760478265877404
-0.9619999999999997,21.4,1.266,1.2294812851057082
-0.9569999999999972,21.405,1.261,1.2740819162120922
-0.9519999999999982,21.41,1.256,1.2712853764066696
-0.9469999999999992,21.415,1.252,1.2796378804219752
-0.9419999999999966,21.42,1.248,1.2423252124199295
-0.9369999999999976,21.425,1.244,1.2195948115995596
-0.9319999999999986,21.43,1.24,1.2314774015326253
-0.9269999999999996,21.435,1.237,1.2284847289916099
-0.921999999999997,21.44,1.234,1.1982527982318942
-0.916999999999998,21.445,1.231,1.254707397843674
-0.911999999999999,21.45,1.229,1.2462570496762018
-0.907,21.455,1.226,1.252540568942483
-0.9019999999999975,21.46,1.224,1.2182190646956708
-0.8969999999999985,21.465,1.222,1.1884787166185018
-0.8919999999999995,21.47,1.221,1.2397100734648374
-0.8869999999999969,21.475,1.22,1.2480147364791963
-0.8819999999999979,21.48,1.218,1.2376451332289569
-0.8769999999999989,21.485,1.217,1.2311944614345622
-0.8719999999999999,21.49,1.217,1.2496082376595283
-0.8669999999999973,21.495,1.216,1.1875609802935412
-0.8619999999999983,21.5,1.216,1.2405556294878515
-0.8569999999999993,21.505,1.216,1.2301596223122526
-0.8519999999999968,21.51,1.216,1.2243842231324247
-0.8469999999999978,21.515,1.216,1.2372313954198402
-0.8419999999999987,21.52,1.216,1.2406942812582276
-0.8369999999999997,21.525,1.217,1.2247370710441885
-0.8319999999999972,21.53,1.217,1.214482674518961
-0.8269999999999982,21.535,1.218,1.188165797565602
-0.8219999999999992,21.54,1.219,1.2027676138829455
-0.8169999999999966,21.545,1.22,1.2216764246573415
-0.8119999999999976,21.55,1.221,1.252083641154983
-0.8069999999999986,21.555,1.222,1.1945437054756627
-0.8019999999999996,21.56,1.224,1.2436390528125125
-0.796999999999997,21.565,1.225,1.198918811756462
-0.791999999999998,21.57,1.227,1.2435247612708182
-0.786999999999999,21.575,1.229,1.194650452782149
-0.782,21.58,1.23,1.2411981199536697
-0.7769999999999975,21.585,1.232,1.2590861179109138
-0.7719999999999985,21.59,1.234,1.2211722747568179
-0.7669999999999995,21.595,1.237,1.2156199014227365
-0.7619999999999969,21.6,1.239,1.234644791358586
-0.7569999999999979,21.605,1.241,1.253892023174913
-0.7519999999999989,21.61,1.243,1.224297582561421
-0.7469999999999999,21.615,1.246,1.2560528629484466
-0.7419999999999973,21.62,1.248,1.2634286349775234
-0.7369999999999983,21.625,1.251,1.2511699197971957
-0.7319999999999993,21.63,1.254,1.2443925925512598
-0.7269999999999968,21.635,1.257,1.2611490038881934
-0.7219999999999978,21.64,1.259,1.2891177921241426
-0.7169999999999987,21.645,1.262,1.244346838901161
-0.7119999999999997,21.65,1.265,1.2558272756212143
-0.7069999999999972,21.655,1.269,1.2612807627876008
-0.7019999999999982,21.66,1.272,1.2438644231931555
-0.6969999999999992,21.665,1.275,1.2849501006571007
-0.6919999999999966,21.67,1.278,1.2927409002082941
-0.6869999999999976,21.675,1.282,1.2463459068608906
-0.6819999999999986,21.68,1.285,1.2584342779715794
-0.6769999999999996,21.685,1.289,1.313877958147242
-0.671999999999997,21.69,1.293,1.268200147735037
-0.666999999999998,21.695,1.297,1.3143165645511343
-0.661999999999999,21.7,1.3,1.2644639380090807
-0.657,21.705,1.304,1.2818025231298122
-0.6519999999999975,21.71,1.308,1.270187469435292
-0.6469999999999985,21.715,1.313,1.2800405699601942
-0.6419999999999995,21.72,1.317,1.2952349976463866
-0.6369999999999969,21.725,1.321,1.3305927254724037
-0.6319999999999979,21.73,1.326,1.3442917727149455
-0.6269999999999989,21.735,1.33,1.294547364350907
-0.6219999999999999,21.74,1.335,1.3316991960673266
-0.6169999999999973,21.745,1.34,1.3119411228250317
-0.6119999999999983,21.75,1.344,1.3274205880918266
-0.6069999999999993,21.755,1.349,1.3782152558124579
-0.6019999999999968,21.76,1.354,1.325414416366645
-0.5969999999999978,21.765,1.36,1.3386877605430518
-0.5919999999999987,21.77,1.365,1.3947445799381184
-0.5869999999999997,21.775,1.37,1.350155203044036
-0.5819999999999972,21.78,1.376,1.4092959905461437
-0.5769999999999982,21.785,1.381,1.397313592873077
-0.5719999999999992,21.79,1.387,1.3715301131495747
-0.5669999999999966,21.795,1.393,1.4053686651877115
-0.5619999999999976,21.8,1.399,1.4358764997828033
-0.5569999999999986,21.805,1.405,1.3760207110616223
-0.5519999999999996,21.81,1.411,1.420637025231712
-0.546999999999997,21.815,1.417,1.4000254167060966
-0.541999999999998,21.82,1.423,1.4324185739311146
-0.536999999999999,21.825,1.43,1.406121535761266
-0.532,21.83,1.436,1.4238647793733261
-0.5269999999999975,21.835,1.443,1.426440996745642
-0.5219999999999985,21.84,1.449,1.4918790537525555
-0.5169999999999995,21.845,1.456,1.4220082719417433
-0.5119999999999969,21.85,1.463,1.4260385311195398
-0.5069999999999979,21.855,1.47,1.4888826848076007
-0.5019999999999989,21.86,1.477,1.4842962407593936
-0.4969999999999999,21.865,1.484,1.440549593457174
-0.49199999999999733,21.87,1.491,1.484747811073681
-0.4869999999999983,21.875,1.498,1.494146771641134
-0.4819999999999993,21.88,1.506,1.4731765165632047
-0.47699999999999676,21.885,1.513,1.5583019052304052
-0.47199999999999775,21.89,1.52,1.564846117925064
-0.46699999999999875,21.895,1.528,1.53161831738741
-0.46199999999999974,21.9,1.535,1.528055154537912
-0.4569999999999972,21.905,1.542,1.5759006307946237
-0.4519999999999982,21.91,1.55,1.5533795418477354
-0.4469999999999992,21.915,1.557,1.5200721332870044
-0.4419999999999966,21.92,1.565,1.5380664839131304
-0.4369999999999976,21.925,1.572,1.5498696812396993
-0.4319999999999986,21.93,1.58,1.612151136340204
-0.4269999999999996,21.935,1.587,1.5641842937593358
-0.42199999999999704,21.94,1.594,1.6003896834423386
-0.41699999999999804,21.945,1.602,1.6485712023938004
-0.41199999999999903,21.95,1.609,1.577770015206992
-0.40700000000000003,21.955,1.616,1.6438137157640276
-0.40199999999999747,21.96,1.623,1.5835451071775344
-0.39699999999999847,21.965,1.63,1.647240036105574
-0.39199999999999946,21.97,1.637,1.6066444308132597
-0.3869999999999969,21.975,1.644,1.6191930310076537
-0.3819999999999979,21.98,1.651,1.6573417754208235
-0.3769999999999989,21.985,1.657,1.6289720285675264
-0.3719999999999999,21.99,1.664,1.647530094918919
-0.36699999999999733,21.995,1.67,1.682117583005755
-0.3619999999999983,22.0,1.676,1.693748408511156
-0.3569999999999993,22.005,1.682,1.678373927352526
-0.35199999999999676,22.01,1.688,1.7222692913393565
-0.34699999999999775,22.015,1.694,1.6473721655495668
-0.34199999999999875,22.02,1.699,1.7443450280022355
-0.33699999999999974,22.025,1.704,1.7212390976644183
-0.3319999999999972,22.03,1.709,1.721957598370177
-0.3269999999999982,22.035,1.714,1.7237843635690102
-0.3219999999999992,22.04,1.719,1.7636027432439632
-0.3169999999999966,22.045,1.723,1.7261423412008703
-0.3119999999999976,22.05,1.727,1.7431385259737562
-0.3069999999999986,22.055,1.731,1.7214758066016085
-0.3019999999999996,22.06,1.734,1.7732536133999057
-0.29699999999999704,22.065,1.737,1.7593771152747941
-0.29199999999999804,22.07,1.74,1.7240490018498271
-0.28699999999999903,22.075,1.743,1.7892703670221948
-0.28200000000000003,22.08,1.745,1.7653597234200795
-0.27699999999999747,22.085,1.747,1.7340944965201812
-0.27199999999999847,22.09,1.749,1.7353116678840896
-0.26699999999999946,22.095,1.75,1.7442682130506337
-0.2619999999999969,22.1,1.751,1.7438504884008816
-0.2569999999999979,22.105,1.752,1.7610376604406632
-0.2519999999999989,22.11,1.753,1.7526563333955891
-0.2469999999999999,22.115,1.753,1.7150493827244937
-0.24199999999999733,22.12,1.752,1.7928433960059547
-0.23699999999999832,22.125,1.752,1.7129781830999746
-0.23199999999999932,22.13,1.751,1.70962551889504
-0.22699999999999676,22.135,1.75,1.7741440532287798
-0.22199999999999775,22.14,1.748,1.7429513265995586
-0.21699999999999875,22.145,1.746,1.7870574141444568
-0.21199999999999974,22.15,1.744,1.7702041550351357
-0.2069999999999972,22.155,1.741,1.7055579425948204
-0.20199999999999818,22.16,1.738,1.760019383048513
-0.19699999999999918,22.165,1.735,1.77300139138442
-0.19199999999999662,22.17,1.731,1.6925706128546065
-0.1869999999999976,22.175,1.727,1.705917872240341
-0.1819999999999986,22.18,1.723,1.7293349387359023
-0.1769999999999996,22.185,1.718,1.6695180199557627
-0.17199999999999704,22.19,1.713,1.7061911811215518
-0.16699999999999804,22.195,1.707,1.7122457985060995
-0.16199999999999903,22.2,1.702,1.7517247302995806
-0.15700000000000003,22.205,1.696,1.673385632668264
-0.15199999999999747,22.21,1.69,1.6931575821595266
-0.14699999999999847,22.215,1.683,1.704852161461762
-0.14199999999999946,22.22,1.676,1.6417847799962597
-0.1369999999999969,22.225,1.669,1.6426541489959323
-0.1319999999999979,22.23,1.662,1.707558914998377
-0.1269999999999989,22.235,1.654,1.6983793487833023
-0.12199999999999989,22.24,1.646,1.6614364176354683
-0.11699999999999733,22.245,1.638,1.6240982268185489
-0.11199999999999832,22.25,1.629,1.6437961545795279
-0.10699999999999932,22.255,1.621,1.5796778072441584
-0.10199999999999676,22.26,1.612,1.6559337144473625
-0.09699999999999775,22.265,1.603,1.5863913307632578
-0.09199999999999875,22.27,1.593,1.5922798252761001
-0.08699999999999974,22.275,1.584,1.5870121046293666
-0.08199999999999719,22.28,1.574,1.5416066067107386
-0.07699999999999818,22.285,1.564,1.5428529765761314
-0.07199999999999918,22.29,1.554,1.5664808910077537
-0.06699999999999662,22.295,1.544,1.5184336399362603
-0.06199999999999761,22.3,1.534,1.4974097679940654
-0.05699999999999861,22.305,1.523,1.4866663971435552
-0.0519999999999996,22.31,1.513,1.51560503973211
-0.046999999999997044,22.315,1.502,1.478045277105169
-0.04199999999999804,22.32,1.491,1.507737562787707
-0.036999999999999034,22.325,1.481,1.4663215285456128
-0.03200000000000003,22.33,1.47,1.4561491275391192
-0.02699999999999747,22.335,1.459,1.4920988415508145
-0.021999999999998465,22.34,1.448,1.4353395193815708
-0.01699999999999946,22.345,1.437,1.404377200771985
-0.011999999999996902,22.35,1.426,1.4458756287326542
-0.006999999999997897,22.355,1.414,1.3840874958927631
-0.0019999999999988916,22.36,1.403,1.4149390091954652
0.0030000000000001137,22.365,1.392,1.352892532870042
0.008000000000002672,22.37,1.381,1.3987618909340405
0.013000000000001677,22.375,1.37,1.3469898474508122
0.018000000000000682,22.38,1.359,1.3681592430653489
0.02300000000000324,22.385,1.348,1.3433829668214314
0.028000000000002245,22.39,1.337,1.3253820535844685
0.03300000000000125,22.395,1.326,1.307575894795597
0.038000000000000256,22.4,1.315,1.2803628788060002
0.043000000000002814,22.405,1.304,1.302691516028554
0.04800000000000182,22.41,1.293,1.307400753813774
0.053000000000000824,22.415,1.283,1.2735617955134884
0.05800000000000338,22.42,1.272,1.2900230238884252
0.06300000000000239,22.425,1.262,1.2959570647861656
0.06800000000000139,22.43,1.251,1.236537933408207
0.0730000000000004,22.435,1.241,1.2352493972943557
0.07800000000000296,22.44,1.231,1.2301794632036842
0.08300000000000196,22.445,1.221,1.195218430156294
0.08800000000000097,22.45,1.211,1.2250772757377406
0.09299999999999997,22.455,1.201,1.1829140995786718
0.09800000000000253,22.46,1.192,1.161469929054142
0.10300000000000153,22.465,1.182,1.207318609896125
0.10800000000000054,22.47,1.173,1.1657928761615104
0.1130000000000031,22.475,1.164,1.140982795776374
0.1180000000000021,22.48,1.154,1.1429423630602382
0.12300000000000111,22.485,1.145,1.157300157192507
0.1280000000000001,22.49,1.137,1.1072443112928259
0.13300000000000267,22.495,1.128,1.152777407224976
0.13800000000000168,22.5,1.12,1.1182440366782056
0.14300000000000068,22.505,1.111,1.0984179172581365
0.14800000000000324,22.51,1.103,1.080576494308327
0.15300000000000225,22.515,1.095,1.1091953001320827
0.15800000000000125,22.52,1.087,1.0564927998598284
0.16300000000000026,22.525,1.079,1.0892155398116201
0.1680000000000028,22.53,1.072,1.0885773663326554
0.17300000000000182,22.535,1.064,1.0636174889885464
0.17800000000000082,22.54,1.057,1.069627408575265
0.18300000000000338,22.545,1.05,1.078223680028397
0.1880000000000024,22.55,1.043,1.061552458958179
0.1930000000000014,22.555,1.036,1.012174290978925
0.1980000000000004,22.56,1.029,1.033468593865617
0.20300000000000296,22.565,1.023,1.0486562910089758
0.20800000000000196,22.57,1.016,1.0370028070524353
0.21300000000000097,22.575,1.01,1.016665719582179
0.21799999999999997,22.58,1.004,1.0275385129227288
0.22300000000000253,22.585,0.9978,1.0022634770660945
0.22800000000000153,22.59,0.9919,0.9713203817754772
0.23300000000000054,22.595,0.9862,0.9984367981525796
0.2380000000000031,22.6,0.9805,0.9589438218370558
0.2430000000000021,22.605,0.975,0.9998880930117076
0.2480000000000011,22.61,0.9696,0.9452290682457091
0.2530000000000001,22.615,0.9643,0.9630710118785893
0.25800000000000267,22.62,0.9591,0.9597050686398035
0.2630000000000017,22.625,0.954,0.97461619883633
0.2680000000000007,22.63,0.949,0.9477130877785519
0.27300000000000324,22.635,0.9441,0.9250119761054537
0.27800000000000225,22.64,0.9393,0.9655586373542977
0.28300000000000125,22.645,0.9346,0.9422056512036167
0.28800000000000026,22.65,0.93,0.9519348453367196
0.2930000000000028,22.655,0.9254,0.9220260872496825
0.2980000000000018,22.66,0.921,0.9145751322088259
0.3030000000000008,22.665,0.9166,0.9419233033660986
0.3080000000000034,22.67,0.9123,0.910000249371333
0.3130000000000024,22.675,0.908,0.9211329266685152
0.3180000000000014,22.68,0.9038,0.9205897330610194
0.3230000000000004,22.685,0.8997,0.8728627324450335
0.32800000000000296,22.69,0.8956,0.9063449082397042
0.33300000000000196,22.695,0.8916,0.9130378492952401
0.33800000000000097,22.7,0.8876,0.8632067891658197
0.34299999999999997,22.705,0.8836,0.8967510723441832
0.34800000000000253,22.71,0.8797,0.8774051728411393
0.35300000000000153,22.715,0.8759,0.8747968358863067
0.35800000000000054,22.72,0.872,0.8645990805283308
0.3630000000000031,22.725,0.8682,0.8639791384711265
0.3680000000000021,22.73,0.8644,0.8707215408973208
0.3730000000000011,22.735,0.8607,0.8622645827863913
0.3780000000000001,22.74,0.8569,0.8700759456264204
0.38300000000000267,22.745,0.8532,0.8367367051216058
0.3880000000000017,22.75,0.8495,0.8626979200246556
0.3930000000000007,22.755,0.8458,0.8702010952571976
0.39800000000000324,22.76,0.8421,0.8297350417471658
0.40300000000000225,22.765,0.8384,0.8175336617160185
0.40800000000000125,22.77,0.8347,0.821171313718196
0.41300000000000026,22.775,0.831,0.8363398466217451
0.4180000000000028,22.78,0.8273,0.8313591957706626
0.4230000000000018,22.785,0.8235,0.8316642713417257
0.4280000000000008,22.79,0.8198,0.8090491582569282
0.4330000000000034,22.795,0.8161,0.7953489283995357
0.4380000000000024,22.8,0.8123,0.7884739883240194
0.4430000000000014,22.805,0.8086,0.8135153307371571
0.4480000000000004,22.81,0.8048,0.8109211660880108
0.45300000000000296,22.815,0.8009,0.8056449585789358
0.45800000000000196,22.82,0.7971,0.7998469050346202
0.46300000000000097,22.825,0.7932,0.7784061718367119
0.46799999999999997,22.83,0.7894,0.8120104346152333
0.47300000000000253,22.835,0.7854,0.805299208499954
0.47800000000000153,22.84,0.7815,0.7900384792255091
0.48300000000000054,22.845,0.7775,0.8002374529292221
0.4880000000000031,22.85,0.7735,0.764005320972039
0.4930000000000021,22.855,0.7694,0.7707009399433296
0.4980000000000011,22.86,0.7653,0.7698720056311538
0.5030000000000001,22.865,0.7612,0.767549318030202
0.5080000000000027,22.87,0.7571,0.7462589644673828
0.5130000000000017,22.875,0.7529,0.7565376221510087
0.5180000000000007,22.88,0.7486,0.7571196145866856
0.5230000000000032,22.885,0.7443,0.7499156408318866
0.5280000000000022,22.89,0.74,0.7436379077261338
0.5330000000000013,22.895,0.7356,0.7251384861450108
0.5380000000000003,22.9,0.7312,0.7426313998034045
0.5430000000000028,22.905,0.7268,0.721260549615196
0.5480000000000018,22.91,0.7223,0.7140351402226004
0.5530000000000008,22.915,0.7177,0.707293426001407
0.5580000000000034,22.92,0.7131,0.7166333829702907
0.5630000000000024,22.925,0.7085,0.6885728018961887
0.5680000000000014,22.93,0.7038,0.6915721849837064
0.5730000000000004,22.935,0.6991,0.6964602920319214
0.578000000000003,22.94,0.6943,0.6846535697049654
0.583000000000002,22.945,0.6895,0.7007603105741852
0.588000000000001,22.95,0.6847,0.6733823311174523
0.593,22.955,0.6798,0.697643797478947
0.5980000000000025,22.96,0.6749,0.6674123647814807
0.6030000000000015,22.965,0.6699,0.658542833290252
0.6080000000000005,22.97,0.6649,0.6769785837792698
0.6130000000000031,22.975,0.6598,0.6506192441593043
0.6180000000000021,22.98,0.6547,0.6513372535142518
0.6230000000000011,22.985,0.6496,0.6438440337571671
0.6280000000000001,22.99,0.6444,0.6276935128131614
0.6330000000000027,22.995,0.6392,0.627513709567832
0.6380000000000017,23.0,0.634,0.635193204524788
0.6430000000000007,23.005,0.6287,0.613497857625191
0.6480000000000032,23.01,0.6234,0.6330781597786129
0.6530000000000022,23.015,0.6181,0.6000034912667785
0.6580000000000013,23.02,0.6127,0.6126767635168195
0.6630000000000003,23.025,0.6073,0.6183753619338689
0.6680000000000028,23.03,0.6019,0.6137861366167928
0.6730000000000018,23.035,0.5965,0.5954991218694938
0.6780000000000008,23.04,0.591,0.5759960121542612
0.6830000000000034,23.045,0.5856,0.5925815471947696
0.6880000000000024,23.05,0.5801,0.5756293584285638
0.6930000000000014,23.055,0.5746,0.5840838358843272
0.6980000000000004,23.06,0.5691,0.5764735976070902
0.703000000000003,23.065,0.5636,0.5619839480482092
0.708000000000002,23.07,0.558,0.5504556885705375
0.713000000000001,23.075,0.5525,0.568852022383972
0.718,23.08,0.547,0.5403523083267967
0.7230000000000025,23.085,0.5415,0.5460960126116862
0.7280000000000015,23.09,0.5359,0.5452364579770006
0.7330000000000005,23.095,0.5304,0.5237812586245026
0.7380000000000031,23.1,0.5249,0.5205285245233512
0.7430000000000021,23.105,0.5194,0.5291703028495264
0.7480000000000011,23.11,0.5139,0.5199510328371744
0.7530000000000001,23.115,0.5085,0.5223618723510628
0.7580000000000027,23.12,0.5031,0.5101336847315707
0.7630000000000017,23.125,0.4976,0.504130397598085
0.7680000000000007,23.13,0.4923,0.49405235549767934
0.7730000000000032,23.135,0.4869,0.4736647907480258
0.7780000000000022,23.14,0.4816,0.48354149242589384
0.7830000000000013,23.145,0.4763,0.46351378623176903
0.7880000000000003,23.15,0.471,0.46380688723274743
0.7930000000000028,23.155,0.4658,0.46959106475321655
0.7980000000000018,23.16,0.4607,0.4502358560765977
0.8030000000000008,23.165,0.4556,0.45959063561268737
0.8080000000000034,23.17,0.4505,0.44740810877762954
0.8130000000000024,23.175,0.4455,0.4538499814155897
0.8180000000000014,23.18,0.4405,0.44288713981961636
0.8230000000000004,23.185,0.4356,0.42921402424160016
0.828000000000003,23.19,0.4308,0.42751661962419335
0.833000000000002,23.195,0.426,0.43094500942311315
0.838000000000001,23.2,0.4213,0.425925888196071
0.843,23.205,0.4167,0.42852829550644
0.8480000000000025,23.21,0.4122,0.411153485636547
0.8530000000000015,23.215,0.4077,0.40193269043392543
0.8580000000000005,23.22,0.4033,0.39578274230104543
0.8630000000000031,23.225,0.3989,0.39277045716927866
0.8680000000000021,23.23,0.3947,0.3967926747527211
0.8730000000000011,23.235,0.3905,0.39700742641292186
0.8780000000000001,23.24,0.3865,0.3940830986568252
0.8830000000000027,23.245,0.3825,0.38097576077315115
0.8880000000000017,23.25,0.3786,0.3854081310370082
0.8930000000000007,23.255,0.3748,0.3816662271047626
0.8980000000000032,23.26,0.3711,0.37388324561568553
0.9030000000000022,23.265,0.3675,0.3610638906966903
0.9080000000000013,23.27,0.364,0.3620623711606161
0.9130000000000003,23.275,0.3605,0.3664114745000814
0.9180000000000028,23.28,0.3572,0.3543375757503169
0.9230000000000018,23.285,0.354,0.3442552790709355
0.9280000000000008,23.29,0.3509,0.35139811005589455
0.9330000000000034,23.295,0.3479,0.3434908211676844
0.9380000000000024,23.3,0.345,0.34710097653976596
0.9430000000000014,23.305,0.3421,0.33828499286398545
0.9480000000000004,23.31,0.3394,0.3315714278518694
0.953000000000003,23.315,0.3368,0.32690828826736595
0.958000000000002,23.32,0.3343,0.33865616909900503
0.963000000000001,23.325,0.3319,0.3361764494355587
0.968,23.33,0.3296,0.3381886190072635
0.9730000000000025,23.335,0.3274,0.3265770583316548
0.9780000000000015,23.34,0.3254,0.32840352337235357
0.9830000000000005,23.345,0.3234,0.32417726726533314
0.9880000000000031,23.35,0.3215,0.32673119737345385
0.9930000000000021,23.355,0.3197,0.31367592525386795
0.9980000000000011,23.36,0.318,0.3084740503742368
1.0030000000000001,23.365,0.3164,0.3152677049322578
1.0080000000000027,23.37,0.3149,0.3230478703355484
1.0130000000000017,23.375,0.3135,0.3194242597234097
1.0180000000000007,23.38,0.3122,0.30863749408045316
1.0230000000000032,23.385,0.311,0.3176229682927627
1.0280000000000022,23.39,0.3099,0.3106150916700683
1.0330000000000013,23.395,0.3088,0.31381371473940267
1.0380000000000003,23.4,0.3079,0.3127929542275748
1.0430000000000028,23.405,0.307,0.31186265159813725
1.0480000000000018,23.41,0.3062,0.2994144079560507
1.0530000000000008,23.415,0.3055,0.30635325831840426
1.0580000000000034,23.42,0.3048,0.29592364878335414
1.0630000000000024,23.425,0.3043,0.30808725142558896
1.0680000000000014,23.43,0.3038,0.31103430006500216
1.0730000000000004,23.435,0.3033,0.308243858605352
1.078000000000003,23.44,0.303,0.3091411507408966
1.083000000000002,23.445,0.3027,0.30602921372200076
1.088000000000001,23.45,0.3024,0.29438655444654505
1.093,23.455,0.3022,0.29740844812904654
1.0980000000000025,23.46,0.3021,0.3100587193854052
1.1030000000000015,23.465,0.302,0.30415133363525926
1.1080000000000005,23.47,0.3019,0.29719766914492296
1.113000000000003,23.475,0.3019,0.29662812779447256
1.118000000000002,23.48,0.302,0.3050487379118923
1.123000000000001,23.485,0.302,0.30280784202780464
1.1280000000000001,23.49,0.3021,0.29517275194409204
1.1330000000000027,23.495,0.3023,0.29484895819833806
1.1380000000000017,23.5,0.3024,0.29578409538607403
1.1430000000000007,23.505,0.3026,0.294981123095567
1.1480000000000032,23.51,0.3028,0.2971253744890864
1.1530000000000022,23.515,0.303,0.29400843909242447
1.1580000000000013,23.52,0.3032,0.31050883724519296
1.1630000000000003,23.525,0.3035,0.29696612000357997
1.1680000000000028,23.53,0.3037,0.30060619222778145
1.1730000000000018,23.535,0.304,0.29668379264209005
1.1780000000000008,23.54,0.3043,0.30994978956063085
1.1830000000000034,23.545,0.3045,0.2970471406209636
1.1880000000000024,23.55,0.3048,0.3032570242313891
1.1930000000000014,23.555,0.3051,0.2974623806530829
1.1980000000000004,23.56,0.3053,0.29980358667153484
1.203000000000003,23.565,0.3056,0.3088384145035385
1.208000000000002,23.57,0.3058,0.3009878051584209
1.213000000000001,23.575,0.306,0.312103130041605
1.218,23.58,0.3063,0.308591687703226
1.2230000000000025,23.585,0.3065,0.31050621838674747
1.2280000000000015,23.59,0.3067,0.31114939126349267
1.2330000000000005,23.595,0.3068,0.30773790237713505
1.238000000000003,23.6,0.307,0.3146473273465388
1.243000000000002,23.605,0.3071,0.31273167441833793
1.248000000000001,23.61,0.3072,0.3002650051449747
1.2530000000000001,23.615,0.3073,0.2991087225077614
1.2580000000000027,23.62,0.3074,0.3091859889199885
1.2630000000000017,23.625,0.3075,0.30922896893956336
1.2680000000000007,23.63,0.3075,0.31580398466889176
1.2730000000000032,23.635,0.3075,0.3099608737021618
1.2780000000000022,23.64,0.3075,0.31192732244934385
1.2830000000000013,23.645,0.3075,0.30344131565051524
1.2880000000000003,23.65,0.3074,0.30401569682181795
1.2930000000000028,23.655,0.3074,0.3120965946596614
1.2980000000000018,23.66,0.3073,0.3056921859442449
1.3030000000000008,23.665,0.3072,0.3083996095757395
1.3080000000000034,23.67,0.3071,0.2983635504425519
1.3130000000000024,23.675,0.3069,0.29942384384373183
1.3180000000000014,23.68,0.3068,0.2987337645373704
1.3230000000000004,23.685,0.3066,0.311393882544269
1.328000000000003,23.69,0.3064,0.3098671217029058
1.333000000000002,23.695,0.3063,0.30205108282547083
1.338000000000001,23.7,0.3061,0.309988348992038
1.343,23.705,0.3058,0.2983611229495322
1.3480000000000025,23.71,0.3056,0.30194391880973454
1.3530000000000015,23.715,0.3054,0.29862634412813877
1.3580000000000005,23.72,0.3052,0.3012246441797735
1.363000000000003,23.725,0.305,0.2989762728377013
1.368000000000002,23.73,0.3047,0.30768526023233167
1.373000000000001,23.735,0.3045,0.29615546070760157
1.3780000000000001,23.74,0.3043,0.3021330791512779
1.3830000000000027,23.745,0.304,0.2986123971211189
1.3880000000000017,23.75,0.3038,0.3037848341558846
1.3930000000000007,23.755,0.3036,0.3096601427373841
1.3980000000000032,23.76,0.3034,0.31221084638510654
1.4030000000000022,23.765,0.3032,0.31194400923300797
1.4080000000000013,23.77,0.303,0.3113552092133023
1.4130000000000003,23.775,0.3029,0.3042787235055944
1.4180000000000028,23.78,0.3027,0.3021924053473996
1.4230000000000018,23.785,0.3026,0.30004484761016365
1.4280000000000008,23.79,0.3025,0.30344445024512057
1.4330000000000034,23.795,0.3024,0.3038760380356799
1.4380000000000024,23.8,0.3024,0.30395374327204056
1.4430000000000014,23.805,0.3023,0.30940427816059174
1.4480000000000004,23.81,0.3023,0.3027368882143377
1.453000000000003,23.815,0.3024,0.2969066157195574
1.458000000000002,23.82,0.3024,0.29670611172997324
1.463000000000001,23.825,0.3025,0.3011920756804675
1.468,23.83,0.3026,0.30603995321140887
1.4730000000000025,23.835,0.3028,0.31027377445970694
1.4780000000000015,23.84,0.303,0.3086817059424361
1.4830000000000005,23.845,0.3032,0.31214351267081714
1.488000000000003,23.85,0.3034,0.2976107040188095
1.493000000000002,23.855,0.3038,0.3080489018372025
1.498000000000001,23.86,0.3041,0.30212879398160614
1.5030000000000001,23.865,0.3045,0.30254645146662346
1.5080000000000027,23.87,0.3049,0.3027840694042965
1.5130000000000017,23.875,0.3054,0.2982030239158584
1.5180000000000007,23.88,0.3059,0.3087383366623085
1.5230000000000032,23.885,0.3064,0.3144810506029356
1.5280000000000022,23.89,0.307,0.3121179051721627
1.5330000000000013,23.895,0.3077,0.309831904777064
1.5380000000000003,23.9,0.3084,0.306723283319048
1.5430000000000028,23.905,0.3091,0.30152044008495726
1.5480000000000018,23.91,0.3099,0.31524109783826804
1.5530000000000008,23.915,0.3108,0.31309475491073985
1.5580000000000034,23.92,0.3116,0.30950657512856
1.5630000000000024,23.925,0.3126,0.32006647298406626
1.5680000000000014,23.93,0.3136,0.3052210649519455
1.5730000000000004,23.935,0.3146,0.30652161485928275
1.578000000000003,23.94,0.3157,0.312494189478294
1.583000000000002,23.945,0.3168,0.3109105358289412
1.588000000000001,23.95,0.318,0.31311357814656215
1.593,23.955,0.3193,0.3146793003337153
1.5980000000000025,23.96,0.3206,0.314387562816519
1.6030000000000015,23.965,0.3219,0.3176549734743303
1.6080000000000005,23.97,0.3233,0.3226280990345445
1.613000000000003,23.975,0.3248,0.3297689847584424
1.618000000000002,23.98,0.3263,0.32931157851673015
1.623000000000001,23.985,0.3279,0.33141212937516157
1.6280000000000001,23.99,0.3295,0.3333971154355507
1.6330000000000027,23.995,0.3311,0.32557750767109866
1.6380000000000017,24.0,0.3329,0.33929187378739495
1.6430000000000007,24.005,0.3346,0.3413177840602109
1.6480000000000032,24.01,0.3365,0.3325051297826179
1.6530000000000022,24.015,0.3384,0.3355270906633436
1.6580000000000013,24.02,0.3403,0.3445484543250738
1.6630000000000003,24.025,0.3423,0.34950074808035775
1.6680000000000028,24.03,0.3444,0.3510313324838791
1.6730000000000018,24.035,0.3465,0.3568226357448381
1.6780000000000008,24.04,0.3486,0.3479169542353448
1.6830000000000034,24.045,0.3508,0.35312570533165677
1.6880000000000024,24.05,0.3531,0.35869795376594654
1.6930000000000014,24.055,0.3554,0.35472269647132565
1.6980000000000004,24.06,0.3578,0.35756322884264025
1.703000000000003,24.065,0.3602,0.3593120943860364
1.708000000000002,24.07,0.3627,0.35295994648008666
1.713000000000001,24.075,0.3652,0.364090974238677
1.718,24.08,0.3678,0.3774709251607422
1.7230000000000025,24.085,0.3705,0.3651792534275348
1.7280000000000015,24.09,0.3732,0.3665750504302044
1.7330000000000005,24.095,0.3759,0.37573610660010054
1.738000000000003,24.1,0.3787,0.3853851812591397
1.743000000000002,24.105,0.3816,0.38019090341935
1.748000000000001,24.11,0.3845,0.3776348346588563
1.7530000000000001,24.115,0.3874,0.39072567175904643
1.7580000000000027,24.12,0.3904,0.4006085438601112
1.7630000000000017,24.125,0.3935,0.38660229395665247
1.7680000000000007,24.13,0.3966,0.4035711872423582
1.7730000000000032,24.135,0.3997,0.3905225670912991
1.7780000000000022,24.14,0.4029,0.41456508223397887
1.7830000000000013,24.145,0.4061,0.40571917852699124
1.7880000000000003,24.15,0.4094,0.4191422339508956
1.7930000000000028,24.155,0.4127,0.4062093542859264
1.7980000000000018,24.16,0.4161,0.4141446136387305
1.8030000000000008,24.165,0.4194,0.4149222071408783
1.8080000000000034,24.17,0.4229,0.4301284643310578
1.8130000000000024,24.175,0.4263,0.41943507809223707
1.8180000000000014,24.18,0.4298,0.43561871215825154
1.8230000000000004,24.185,0.4333,0.44276864233427293
1.828000000000003,24.19,0.4369,0.43397030440314793
1.833000000000002,24.195,0.4405,0.44756928568277565
1.838000000000001,24.2,0.4441,0.4381952373553551
1.843,24.205,0.4477,0.4597065190007203
1.8480000000000025,24.21,0.4513,0.4513376200138292
1.8530000000000015,24.215,0.455,0.46053340059976106
1.8580000000000005,24.22,0.4586,0.4584945042785723
1.863000000000003,24.225,0.4623,0.46432273454716
1.868000000000002,24.23,0.466,0.45748423546665595
1.873000000000001,24.235,0.4697,0.47046508152116473
1.8780000000000001,24.24,0.4734,0.47123208682318024
1.8830000000000027,24.245,0.477,0.47843656127217
1.8880000000000017,24.25,0.4807,0.47240342738571783
1.8930000000000007,24.255,0.4844,0.4726949446926793
1.8980000000000032,24.26,0.488,0.4755728132850872
1.9030000000000022,24.265,0.4917,0.47898375091166817
1.9080000000000013,24.27,0.4953,0.49420282096971835
1.9130000000000003,24.275,0.4989,0.512858076506444
1.9180000000000028,24.28,0.5025,0.49469814838801696
1.9230000000000018,24.285,0.5061,0.4918420908457488
1.9280000000000008,24.29,0.5096,0.5225100916440758
1.9330000000000034,24.295,0.5131,0.5069565744158682
1.9380000000000024,24.3,0.5165,0.5136811855702865
1.9430000000000014,24.305,0.5199,0.5048864867687969
1.9480000000000004,24.31,0.5233,0.5079967472227849
1.953000000000003,24.315,0.5266,0.5348277807137317
1.958000000000002,24.32,0.5299,0.5275190912843223
1.963000000000001,24.325,0.5331,0.5342687524368547
1.968,24.33,0.5363,0.5430155223799797
1.9730000000000025,24.335,0.5394,0.5470084445723673
1.9780000000000015,24.34,0.5425,0.5348243945973401
1.9830000000000005,24.345,0.5455,0.5419021759468854
1.988000000000003,24.35,0.5484,0.5399714120192376
1.993000000000002,24.355,0.5513,0.5370103943147658
1.998000000000001,24.36,0.554,0.5461351305171112
2.003,24.365,0.5568,0.5607578529375877
2.0080000000000027,24.37,0.5594,0.5450918948078828
2.0130000000000017,24.375,0.562,0.5549144406639404
2.0180000000000007,24.38,0.5645,0.5600472152449693
2.0230000000000032,24.385,0.567,0.5816124751457843
2.0280000000000022,24.39,0.5693,0.560304369723736
2.0330000000000013,24.395,0.5716,0.5862215532969918
2.0380000000000003,24.4,0.5738,0.566636678077768
2.043000000000003,24.405,0.576,0.5660130191605814
2.048000000000002,24.41,0.578,0.5741488507625931
2.053000000000001,24.415,0.58,0.5788913661498234
2.0580000000000034,24.42,0.5819,0.5715096180986492
2.0630000000000024,24.425,0.5838,0.5903919801390612
2.0680000000000014,24.43,0.5856,0.5840748700565762
2.0730000000000004,24.435,0.5873,0.5927993195005884
2.078000000000003,24.44,0.5889,0.6028851300999045
2.083000000000002,24.445,0.5904,0.5816839277406347
2.088000000000001,24.45,0.5919,0.590965089611615
2.093,24.455,0.5934,0.5872863663301936
2.0980000000000025,24.46,0.5948,0.5944239443347241
2.1030000000000015,24.465,0.5961,0.5798252643162237
2.1080000000000005,24.47,0.5973,0.5819299081034022
2.113000000000003,24.475,0.5985,0.5869425124710903
2.118000000000002,24.48,0.5997,0.6005566721432325
2.123000000000001,24.485,0.6008,0.5878702989811021
2.128,24.49,0.6019,0.619455099069199
2.1330000000000027,24.495,0.6029,0.592512255455848
2.1380000000000017,24.5,0.6039,0.592928531596231
2.1430000000000007,24.505,0.6048,0.5919590022865094
2.1480000000000032,24.51,0.6058,0.5949284304215359
2.1530000000000022,24.515,0.6067,0.6210854346697621
2.1580000000000013,24.52,0.6075,0.6000922968103106
2.1630000000000003,24.525,0.6084,0.6074048828579135
2.168000000000003,24.53,0.6092,0.6159035005447584
2.173000000000002,24.535,0.6101,0.619732615641797
2.178000000000001,24.54,0.6109,0.597709926043025
2.1830000000000034,24.545,0.6117,0.615045150622816
2.1880000000000024,24.55,0.6126,0.6007279840609406
2.1930000000000014,24.555,0.6134,0.6203962840839711
2.1980000000000004,24.56,0.6142,0.6273102690976011
2.203000000000003,24.565,0.6151,0.6010965495001132
2.208000000000002,24.57,0.616,0.61841863320342
2.213000000000001,24.575,0.6169,0.6184207707244467
2.218,24.58,0.6178,0.6149252438837729
2.2230000000000025,24.585,0.6187,0.6299413863646756
2.2280000000000015,24.59,0.6197,0.6031110259314663
2.2330000000000005,24.595,0.6207,0.6205710248091162
2.238000000000003,24.6,0.6217,0.6164627223808083
2.243000000000002,24.605,0.6228,0.6346042194146192
2.248000000000001,24.61,0.624,0.6132685899719228
2.253,24.615,0.6251,0.6148240536278341
2.2580000000000027,24.62,0.6264,0.6250023827076309
2.2630000000000017,24.625,0.6276,0.6352167271730081
2.2680000000000007,24.63,0.6289,0.6307312090075944
2.2730000000000032,24.635,0.6303,0.6381452606296909
2.2780000000000022,24.64,0.6317,0.6338578479089535
2.2830000000000013,24.645,0.6332,0.6494652631177557
2.2880000000000003,24.65,0.6348,0.6343505950950848
2.293000000000003,24.655,0.6364,0.6257462351096525
2.298000000000002,24.66,0.638,0.6483990640313282
2.303000000000001,24.665,0.6397,0.6446437304930022
2.3080000000000034,24.67,0.6415,0.6299107885596282
2.3130000000000024,24.675,0.6433,0.6292788490841404
2.3180000000000014,24.68,0.6452,0.6439239749679553
2.3230000000000004,24.685,0.6472,0.6476295454484031
2.328000000000003,24.69,0.6492,0.6505756804438779
2.333000000000002,24.695,0.6512,0.6676750981719061
2.338000000000001,24.7,0.6533,0.6422634719734693
2.343,24.705,0.6555,0.647230341765042
2.3480000000000025,24.71,0.6577,0.6644501817959235
2.3530000000000015,24.715,0.6599,0.6440410461510391
2.3580000000000005,24.72,0.6622,0.6452797667851279
2.363000000000003,24.725,0.6646,0.6691561346131657
2.368000000000002,24.73,0.667,0.6622669412134634
2.373000000000001,24.735,0.6694,0.6703230550863032
2.378,24.74,0.6718,0.653800177536165
2.3830000000000027,24.745,0.6743,0.6804732024053937
2.3880000000000017,24.75,0.6768,0.6616681098616709
2.3930000000000007,24.755,0.6794,0.6689314721036678
2.3980000000000032,24.76,0.6819,0.6696708456779656
2.4030000000000022,24.765,0.6845,0.6827486568763507
2.4080000000000013,24.77,0.6871,0.7011535646415317
2.4130000000000003,24.775,0.6896,0.7012870890766915
2.418000000000003,24.78,0.6922,0.6857495197148817
2.423000000000002,24.785,0.6948,0.6900454440609999
2.428000000000001,24.79,0.6974,0.7002409387795354
2.4330000000000034,24.795,0.7,0.7002151684267529
2.4380000000000024,24.8,0.7026,0.7159333230461501
2.4430000000000014,24.805,0.7051,0.6983888195939013
2.4480000000000004,24.81,0.7076,0.69192188282424
2.453000000000003,24.815,0.7101,0.7008351817180255
2.458000000000002,24.82,0.7126,0.7217732546944217
2.463000000000001,24.825,0.715,0.6954349043213458
2.468,24.83,0.7175,0.7156154553304843
2.4730000000000025,24.835,0.7198,0.7210181445032934
2.4780000000000015,24.84,0.7221,0.7030058393846217
2.4830000000000005,24.845,0.7244,0.7248516525937392
2.488000000000003,24.85,0.7266,0.7243179374162786
2.493000000000002,24.855,0.7288,0.7187419039670192
2.498000000000001,24.86,0.7309,0.7346361201254832
2.503,24.865,0.7329,0.7115362023560903
2.5080000000000027,24.87,0.7349,0.7381560432948483
2.5130000000000017,24.875,0.7368,0.7448590351992597
2.5180000000000007,24.88,0.7386,0.7409340462481752
2.5230000000000032,24.885,0.7404,0.7528579513032869
2.5280000000000022,24.89,0.7421,0.7589184291571182
2.5330000000000013,24.895,0.7437,0.7524075381694539
2.5380000000000003,24.9,0.7452,0.7260960667637012
2.543000000000003,24.905,0.7467,0.7418856165064388
2.548000000000002,24.91,0.7481,0.7332873300693428
2.553000000000001,24.915,0.7494,0.7709747269328091
2.5580000000000034,24.92,0.7506,0.746713089967332
2.5630000000000024,24.925,0.7517,0.7661829895729327
2.5680000000000014,24.93,0.7528,0.744412497795129
2.5730000000000004,24.935,0.7538,0.7584936294024687
2.578000000000003,24.94,0.7547,0.7503211802839043
2.583000000000002,24.945,0.7555,0.7523985917558237
2.588000000000001,24.95,0.7563,0.7683915741609278
2.593,24.955,0.757,0.7472742539857172
2.5980000000000025,24.96,0.7576,0.7414201267196311
2.6030000000000015,24.965,0.7581,0.7761734551877467
2.6080000000000005,24.97,0.7586,0.7647417816450913
2.613000000000003,24.975,0.759,0.7738676384896094
2.618000000000002,24.98,0.7593,0.7488895128111029
2.623000000000001,24.985,0.7596,0.7404783166577401
2.628,24.99,0.7598,0.7786109560827105
2.6330000000000027,24.995,0.76,0.7482750219145052
2.6380000000000017,25.0,0.7601,0.7786478974317498
2.6430000000000007,25.005,0.7601,0.7821891177945367
2.6480000000000032,25.01,0.7602,0.7621112620034275
2.6530000000000022,25.015,0.7601,0.7756353812166955
2.6580000000000013,25.02,0.7601,0.7524967242434404
2.6630000000000003,25.025,0.76,0.7415784805685702
2.668000000000003,25.03,0.7599,0.7674781034898599
2.673000000000002,25.035,0.7597,0.7505523929033296
2.678000000000001,25.04,0.7596,0.7699965376426303
2.6830000000000034,25.045,0.7594,0.7388657840182496
2.6880000000000024,25.05,0.7592,0.7379076528548244
2.6930000000000014,25.055,0.759,0.7365758064608684
2.6980000000000004,25.06,0.7588,0.7671689017483644
2.703000000000003,25.065,0.7585,0.7571423574543286
2.708000000000002,25.07,0.7583,0.755033250095336
2.713000000000001,25.075,0.7581,0.7665008641762265
2.718,25.08,0.7579,0.7571099876256017
2.7230000000000025,25.085,0.7577,0.7641574981690984
2.7280000000000015,25.09,0.7576,0.753237922479519
2.7330000000000005,25.095,0.7574,0.7670647292485322
2.738000000000003,25.1,0.7573,0.7675244043081694
2.743000000000002,25.105,0.7572,0.7442254108931758
2.748000000000001,25.11,0.7571,0.767011769834339
2.753,25.115,0.7571,0.7426486994833197
2.7580000000000027,25.12,0.757,0.7574176978592682
2.7630000000000017,25.125,0.7571,0.758575794644602
2.7680000000000007,25.13,0.7571,0.7505774016208911
2.7730000000000032,25.135,0.7572,0.7720409934315529
2.7780000000000022,25.14,0.7574,0.7384521556961927
2.7830000000000013,25.145,0.7576,0.7609144611877614
2.7880000000000003,25.15,0.7578,0.7449224782209826
2.793000000000003,25.155,0.7581,0.7663981455930717
2.798000000000002,25.16,0.7584,0.7522539884101944
2.803000000000001,25.165,0.7587,0.7422406555777836
2.8080000000000034,25.17,0.7591,0.7739944653430574
2.8130000000000024,25.175,0.7596,0.7471328620287288
2.8180000000000014,25.18,0.7601,0.7407843389942952
2.8230000000000004,25.185,0.7606,0.7734267369648623
2.828000000000003,25.19,0.7612,0.7734084434739342
2.833000000000002,25.195,0.7619,0.7786070249858726
2.838000000000001,25.2,0.7626,0.7736103638442227
2.843,25.205,0.7633,0.7480019963958103
2.8480000000000025,25.21,0.7641,0.7420125083220814
2.8530000000000015,25.215,0.7649,0.7865250664543088
2.8580000000000005,25.22,0.7657,0.7573247902513479
2.863000000000003,25.225,0.7666,0.7737651270932704
2.868000000000002,25.23,0.7675,0.7858097334403222
2.873000000000001,25.235,0.7685,0.760687753401839
2.878,25.24,0.7695,0.7679688605952656
2.8830000000000027,25.245,0.7705,0.7823690619102815
2.8880000000000017,25.25,0.7716,0.7929061937087972
2.8930000000000007,25.255,0.7727,0.7579512104884415
2.8980000000000032,25.26,0.7738,0.7611476218002137
2.9030000000000022,25.265,0.775,0.7703133776120011
2.9080000000000013,25.27,0.7762,0.7763630737241546
2.9130000000000003,25.275,0.7774,0.7989923846911127
2.918000000000003,25.28,0.7786,0.7979418722966577
2.923000000000002,25.285,0.7798,0.795663384264719
2.928000000000001,25.29,0.7811,0.7701259792002213
2.9330000000000034,25.295,0.7824,0.793052443150588
2.9380000000000024,25.3,0.7837,0.7742471968993627
2.9430000000000014,25.305,0.785,0.7717498604869133
2.9480000000000004,25.31,0.7864,0.7863233086690287
2.953000000000003,25.315,0.7877,0.7688709938019301
2.958000000000002,25.32,0.7891,0.7894138556217941
2.963000000000001,25.325,0.7904,0.7989195362708102
2.968,25.33,0.7918,0.7990945657446497
2.9730000000000025,25.335,0.7932,0.7803190918206008
2.9780000000000015,25.34,0.7946,0.780404578381902
2.9830000000000005,25.345,0.7961,0.7996406427227185
2.988000000000003,25.35,0.7975,0.8201292212827423
2.993000000000002,25.355,0.799,0.7781152771468245
2.998000000000001,25.36,0.8004,0.8011843514740529
3.003,25.365,0.8019,0.8200347228323954
3.0080000000000027,25.37,0.8034,0.7874428795441978
3.0130000000000017,25.375,0.8049,0.7955031906979896
3.0180000000000007,25.38,0.8064,0.8178878354760023
3.0230000000000032,25.385,0.808,0.8020096524743409
3.0280000000000022,25.39,0.8095,0.8049322507183586
3.0330000000000013,25.395,0.8111,0.7956740135495176
3.0380000000000003,25.4,0.8127,0.8015798369349311
3.043000000000003,25.405,0.8144,0.828546996528598
3.048000000000002,25.41,0.816,0.8316959621784553
3.053000000000001,25.415,0.8177,0.8407079496403623
3.0580000000000034,25.42,0.8194,0.8070857259123064
3.0630000000000024,25.425,0.8211,0.8409624121011797
3.0680000000000014,25.43,0.8229,0.8080831955070464
3.0730000000000004,25.435,0.8247,0.8025681938981034
3.078000000000003,25.44,0.8265,0.823948383477576
3.083000000000002,25.445,0.8284,0.8275414054349397
3.088000000000001,25.45,0.8303,0.8180604978388314
3.093,25.455,0.8323,0.8151004642187129
3.0980000000000025,25.46,0.8342,0.8125766042526434
3.1030000000000015,25.465,0.8363,0.813138077870862
3.1080000000000005,25.47,0.8384,0.836898612936092
3.113000000000003,25.475,0.8405,0.8508184882540034
3.118000000000002,25.48,0.8427,0.8300454208109396
3.123000000000001,25.485,0.845,0.8373963656108568
3.128,25.49,0.8473,0.8417398981771701
3.1330000000000027,25.495,0.8496,0.862154355563708
3.1380000000000017,25.5,0.852,0.8768354915044856
3.1430000000000007,25.505,0.8545,0.8556986827293187
3.1480000000000032,25.51,0.857,0.8326327957975485
3.1530000000000022,25.515,0.8596,0.8414112006163297
3.1580000000000013,25.52,0.8623,0.8641077960015678
3.1630000000000003,25.525,0.865,0.8878225793311345
3.168000000000003,25.53,0.8678,0.8495697663256145
3.173000000000002,25.535,0.8706,0.8755952908864774
3.178000000000001,25.54,0.8735,0.8674163192557917
3.1830000000000034,25.545,0.8765,0.8643210275245589
3.1880000000000024,25.55,0.8795,0.864396768820471
3.1930000000000014,25.555,0.8826,0.8982457828373693
3.1980000000000004,25.56,0.8858,0.8698649982430047
3.203000000000003,25.565,0.889,0.8638547196181744
3.208000000000002,25.57,0.8923,0.885440415759566
3.213000000000001,25.575,0.8957,0.919805621438687
3.218,25.58,0.8991,0.907337361532409
3.2230000000000025,25.585,0.9026,0.9214290020749402
3.2280000000000015,25.59,0.9061,0.8841390823945249
3.2330000000000005,25.595,0.9097,0.9263732568970818
3.238000000000003,25.6,0.9133,0.9372654825924936
3.243000000000002,25.605,0.917,0.9176723170632298
3.248000000000001,25.61,0.9208,0.9436187695493216
3.253,25.615,0.9246,0.9133022697336137
3.2580000000000027,25.62,0.9284,0.9049724079226124
3.2630000000000017,25.625,0.9323,0.944753736640222
3.2680000000000007,25.63,0.9362,0.951568813470485
3.2730000000000032,25.635,0.9402,0.9617817676382677
3.2780000000000022,25.64,0.9441,0.9176205151609816
3.2830000000000013,25.645,0.9482,0.9498058808997745
3.2880000000000003,25.65,0.9522,0.9531182032415182
3.293000000000003,25.655,0.9562,0.9424466675035841
3.298000000000002,25.66,0.9603,0.9798208100106117
3.303000000000001,25.665,0.9644,0.9381228693957094
3.3080000000000034,25.67,0.9685,0.9853838301485596
3.3130000000000024,25.675,0.9726,0.9540225570612241
3.3180000000000014,25.68,0.9767,0.9851715788115609
3.3230000000000004,25.685,0.9808,0.9994569894770079
3.328000000000003,25.69,0.9848,0.9997024513272118
3.333000000000002,25.695,0.9889,1.0167019259625796
3.338000000000001,25.7,0.9929,1.0185383700165322
3.343,25.705,0.9969,0.9740657426503152
3.3480000000000025,25.71,1.001,0.9966736284617694
3.3530000000000015,25.715,1.005,0.9775860791495188
3.3580000000000005,25.72,1.009,0.9842877648531435
3.363000000000003,25.725,1.013,1.030042338595783
3.368000000000002,25.73,1.016,1.0184739176894777
3.373000000000001,25.735,1.02,0.997796079811678
3.378,25.74,1.024,1.0149919230751832
3.3830000000000027,25.745,1.027,1.0154158306406553
3.3880000000000017,25.75,1.031,1.0532056604254498
3.3930000000000007,25.755,1.035,1.0434317706593281
3.3980000000000032,25.76,1.038,1.0094476973125017
3.4030000000000022,25.765,1.041,1.0598380732301669
3.4080000000000013,25.77,1.044,1.024619557787975
3.4130000000000003,25.775,1.048,1.0485992443005092
3.418000000000003,25.78,1.051,1.0577827157769353
3.423000000000002,25.785,1.053,1.0485637611798024
3.428000000000001,25.79,1.056,1.0720756815317796
3.4330000000000034,25.795,1.059,1.0480694555049241
3.4380000000000024,25.8,1.061,1.0683914935336651
3.4430000000000014,25.805,1.064,1.0718433298488368
3.4480000000000004,25.81,1.066,1.050888384599397
3.453000000000003,25.815,1.068,1.090579100227765
3.458000000000002,25.82,1.07,1.0865506998574757
3.463000000000001,25.825,1.072,1.0512282288265127
3.468,25.83,1.074,1.1032473639117437
3.4730000000000025,25.835,1.076,1.0750844019796764
3.4780000000000015,25.84,1.077,1.0683379245026765
3.4830000000000005,25.845,1.078,1.1011999541215705
3.488000000000003,25.85,1.08,1.0854604379372417
3.493000000000002,25.855,1.081,1.0966037708972989
3.498000000000001,25.86,1.081,1.084065473708292
3.503,25.865,1.082,1.0659818318543517
3.5080000000000027,25.87,1.083,1.0883602348505326
3.5130000000000017,25.875,1.083,1.0530646605224838
3.5180000000000007,25.88,1.083,1.0870010967304686
3.5230000000000032,25.885,1.083,1.09529235354512
3.5280000000000022,25.89,1.083,1.1059028341509993
3.5330000000000013,25.895,1.083,1.070237181225562
3.5380000000000003,25.9,1.083,1.1088716657762436
3.543000000000003,25.905,1.082,1.1129803835188392
3.548000000000002,25.91,1.082,1.0877166352448198
3.553000000000001,25.915,1.081,1.0919956434107148
3.5580000000000034,25.92,1.08,1.067619987214922
3.5630000000000024,25.925,1.079,1.091675478267444
3.5680000000000014,25.93,1.078,1.1044270314294753
3.5730000000000004,25.935,1.077,1.0610036094343431
3.578000000000003,25.94,1.075,1.0918286776200525
3.583000000000002,25.945,1.074,1.0494675500743158
3.588000000000001,25.95,1.072,1.0413832556517157
3.593,25.955,1.07,1.0937765957741044
3.5980000000000025,25.96,1.068,1.082812266550433
3.6030000000000015,25.965,1.066,1.0732727683846477
3.6080000000000005,25.97,1.064,1.0903305217262764
3.613000000000003,25.975,1.062,1.0469422311652785
3.618000000000002,25.98,1.06,1.0480032572530933
3.623000000000001,25.985,1.058,1.0417852096845541
3.628,25.99,1.056,1.0807452281644914
3.6330000000000027,25.995,1.053,1.0503368202944698
3.6380000000000017,26.0,1.051,1.0201628895464319
3.6430000000000007,26.005,1.048,1.0327051154909204
3.6480000000000032,26.01,1.046,1.0301116674718669
3.6530000000000022,26.015,1.043,1.0309523440846058
3.6580000000000013,26.02,1.041,1.0481429354972065
3.6630000000000003,26.025,1.038,1.0393451170406431
3.668000000000003,26.03,1.036,1.0109621276927783
3.673000000000002,26.035,1.033,1.0343895254021278
3.678000000000001,26.04,1.03,1.0555396467674474
3.6830000000000034,26.045,1.028,1.022963281803299
3.6880000000000024,26.05,1.025,1.0185164625767096
3.6930000000000014,26.055,1.023,1.0343798506597672
3.6980000000000004,26.06,1.021,1.0291136268354977
3.703000000000003,26.065,1.018,1.040892853130691
3.708000000000002,26.07,1.016,1.0083571401034535
3.713000000000001,26.075,1.014,1.031884613219866
3.718,26.08,1.012,0.9988896075808924
3.7230000000000025,26.085,1.009,1.0336047049462078
3.7280000000000015,26.09,1.007,0.9842652952825277
3.7330000000000005,26.095,1.006,1.0038909874162163
3.738000000000003,26.1,1.004,0.9988525700197401
3.743000000000002,26.105,1.002,0.9785765615787161
3.748000000000001,26.11,1.001,1.01107763076591
3.753,26.115,0.9992,0.9721881052258761
3.7580000000000027,26.12,0.9978,1.0161689036287598
3.7630000000000017,26.125,0.9967,1.014228655250295
3.7680000000000007,26.13,0.9956,0.9963652640357373
3.7730000000000032,26.135,0.9947,0.9772692769886676
3.7780000000000022,26.14,0.994,0.9654889275692048
3.7830000000000013,26.145,0.9934,1.0150846151560189
3.7880000000000003,26.15,0.9929,1.0186827331761368
3.793000000000003,26.155,0.9926,1.0062601000019944
3.798000000000002,26.16,0.9925,0.9817107904419902
3.803000000000001,26.165,0.9925,1.0102487305723924
3.8080000000000034,26.17,0.9927,1.0132859220127892
3.8130000000000024,26.175,0.993,0.9657889884488826
3.8180000000000014,26.18,0.9936,1.0031837349216475
3.8230000000000004,26.185,0.9943,1.013487627993163
3.828000000000003,26.19,0.9951,1.0156727404101022
3.833000000000002,26.195,0.9962,0.9935636613581758
3.838000000000001,26.2,0.9974,0.9787333774612114
3.843,26.205,0.9988,1.0101959636207822
3.8480000000000025,26.21,1.0,0.9760804445627489
3.8530000000000015,26.215,1.002,1.0319792994589696
3.8580000000000005,26.22,1.004,0.9857951537451334
3.863000000000003,26.225,1.006,1.0199304655606662
3.868000000000002,26.23,1.008,0.9867460070123067
3.873000000000001,26.235,1.011,1.0259668531636952
3.878,26.24,1.013,1.024163661912534
3.8830000000000027,26.245,1.016,1.0068179495953196
3.8880000000000017,26.25,1.019,1.0249862356517088
3.8930000000000007,26.255,1.022,1.0153103659284346
3.8980000000000032,26.26,1.025,1.0244190141538885
3.9030000000000022,26.265,1.028,1.0068714281875704
3.9080000000000013,26.27,1.032,1.0290485004866923
3.9130000000000003,26.275,1.035,1.0513684417447453
3.918000000000003,26.28,1.039,1.0208314844627333
3.923000000000002,26.285,1.043,1.0379288191324556
3.928000000000001,26.29,1.046,1.0453643471416936
3.9330000000000034,26.295,1.05,1.0618439364880938
3.9380000000000024,26.3,1.055,1.0552794292829186
3.9430000000000014,26.305,1.059,1.0351396014015914
3.9480000000000004,26.31,1.063,1.0698402695954434
3.953000000000003,26.315,1.068,1.0702876164589938
3.958000000000002,26.32,1.072,1.0602893979830852
3.963000000000001,26.325,1.077,1.0809046417540358
3.968,26.33,1.081,1.0899682044737649
3.9730000000000025,26.335,1.086,1.078880509625048
3.9780000000000015,26.34,1.09,1.0799933682270186
3.9830000000000005,26.345,1.095,1.1252730160158408
3.988000000000003,26.35,1.1,1.0836109720235032
3.993000000000002,26.355,1.105,1.126862049586638
3.998000000000001,26.36,1.109,1.1015103620762268
4.003,26.365,1.114,1.1019642586446747
4.008000000000003,26.37,1.119,1.124686879886495
4.013000000000002,26.375,1.124,1.1465543398519262
4.018000000000001,26.38,1.128,1.1133667335332607
4.023000000000003,26.385,1.133,1.1254361960336179
4.028000000000002,26.39,1.138,1.1171731042260442
4.033000000000001,26.395,1.142,1.1190657889950892
4.038,26.4,1.147,1.1256937659093245
4.043000000000003,26.405,1.151,1.1689489124344217
4.048000000000002,26.41,1.156,1.1344364275622079
4.053000000000001,26.415,1.16,1.1915872946263473
4.058000000000003,26.42,1.164,1.1371827397421719
4.063000000000002,26.425,1.168,1.1656899620743624
4.068000000000001,26.43,1.172,1.1934104645336654
4.073,26.435,1.176,1.1630202204076994
4.078000000000003,26.44,1.18,1.1877284561105805
4.083000000000002,26.445,1.183,1.1771477071471204
4.088000000000001,26.45,1.187,1.1752502803543035
4.093,26.455,1.19,1.2017171294553965
4.0980000000000025,26.46,1.193,1.177420508090169
4.1030000000000015,26.465,1.196,1.2164864882562965
4.1080000000000005,26.47,1.199,1.1895822717874744
4.113000000000003,26.475,1.201,1.1747140803033747
4.118000000000002,26.48,1.203,1.2383790240489585
4.123000000000001,26.485,1.206,1.2237562537440394
4.128,26.49,1.208,1.1926136152843878
4.133000000000003,26.495,1.209,1.220147581663346
4.138000000000002,26.5,1.211,1.2186614587991742
4.143000000000001,26.505,1.212,1.1794736382284141
4.148000000000003,26.51,1.214,1.2072454149187313
4.153000000000002,26.515,1.215,1.237488314002342
4.158000000000001,26.52,1.215,1.1800345565868486
4.163,26.525,1.216,1.2096878658615997
4.168000000000003,26.53,1.216,1.1810080695259888
4.173000000000002,26.535,1.216,1.2179819915445635
4.178000000000001,26.54,1.216,1.1932545021718965
4.183000000000003,26.545,1.216,1.2435898573089408
4.188000000000002,26.55,1.215,1.2439203797121559
4.193000000000001,26.555,1.215,1.1937753659219534
4.198,26.56,1.214,1.2308742746013375
4.203000000000003,26.565,1.213,1.2076160490361931
4.208000000000002,26.57,1.211,1.207561819765377
4.213000000000001,26.575,1.21,1.2223368712576121
4.218,26.58,1.208,1.1930679488131697
4.2230000000000025,26.585,1.206,1.195284915685262
4.2280000000000015,26.59,1.204,1.202967648225376
4.2330000000000005,26.595,1.201,1.1751891748856602
4.238000000000003,26.6,1.199,1.2058806268486233
4.243000000000002,26.605,1.196,1.1989643658579827
4.248000000000001,26.61,1.193,1.2064447360713684
4.253,26.615,1.19,1.1824279109711564
4.258000000000003,26.62,1.187,1.1726086637839979
4.263000000000002,26.625,1.184,1.21004710034593
4.268000000000001,26.63,1.181,1.193518134178803
4.273000000000003,26.635,1.177,1.1597135045171345
4.278000000000002,26.64,1.174,1.1673480942513985
4.283000000000001,26.645,1.17,1.155459306492871
4.288,26.65,1.166,1.1862555414853437
4.293000000000003,26.655,1.162,1.128721206592487
4.298000000000002,26.66,1.158,1.170124977743062
4.303000000000001,26.665,1.154,1.1719455366689373
4.308000000000003,26.67,1.15,1.1329766739987286
4.313000000000002,26.675,1.146,1.1118209550068214
4.318000000000001,26.68,1.142,1.12830544182842
4.323,26.685,1.138,1.1317820796255056
4.328000000000003,26.69,1.133,1.1369498909119098
4.333000000000002,26.695,1.129,1.156695820686329
4.338000000000001,26.7,1.125,1.1024608123659418
4.343,26.705,1.121,1.135471429314697
4.3480000000000025,26.71,1.117,1.1369656670144581
4.3530000000000015,26.715,1.113,1.1191393577335997
4.3580000000000005,26.72,1.109,1.0973410714497869
4.363000000000003,26.725,1.105,1.0993219428643843
4.368000000000002,26.73,1.101,1.0854539222287802
4.373000000000001,26.735,1.097,1.0684390380227848
4.378,26.74,1.094,1.0938318507612446
4.383000000000003,26.745,1.09,1.0905521876262814
4.388000000000002,26.75,1.087,1.1078486206644542
4.393000000000001,26.755,1.084,1.1084903781463007
4.398000000000003,26.76,1.08,1.0809219960895196
4.403000000000002,26.765,1.077,1.1028497111595883
4.408000000000001,26.77,1.075,1.0518190208644125
4.413,26.775,1.072,1.101591129325986
4.418000000000003,26.78,1.07,1.0485304939412279
4.423000000000002,26.785,1.067,1.0644347450359892
4.428000000000001,26.79,1.065,1.047007526358828
4.433000000000003,26.795,1.063,1.0348541483185294
4.438000000000002,26.8,1.062,1.070751689064458
4.443000000000001,26.805,1.06,1.0736766786377525
4.448,26.81,1.059,1.0733526217118907
4.453000000000003,26.815,1.058,1.0335596357271208
4.458000000000002,26.82,1.058,1.0712728889558252
4.463000000000001,26.825,1.057,1.0706163543495975
4.468,26.83,1.057,1.0411324453125133
4.4730000000000025,26.835,1.057,1.0562986011088855
4.4780000000000015,26.84,1.058,1.0593564776871953
4.4830000000000005,26.845,1.058,1.0739956904405703
4.488000000000003,26.85,1.059,1.0385357822378216
4.493000000000002,26.855,1.061,1.0543847863095857
4.498000000000001,26.86,1.062,1.0775078982675848
4.503,26.865,1.064,1.0328267184294628
4.508000000000003,26.87,1.066,1.0579530058117474
4.513000000000002,26.875,1.069,1.062268482640336
4.518000000000001,26.88,1.072,1.060835915398213
4.523000000000003,26.885,1.075,1.0682581653517396
4.528000000000002,26.89,1.078,1.1100467220017454
4.533000000000001,26.895,1.082,1.1071044397231313
4.538,26.9,1.086,1.0718059298101759
4.543000000000003,26.905,1.091,1.0971690076157656
4.548000000000002,26.91,1.096,1.1062256908991661
4.553000000000001,26.915,1.101,1.1161784973865514
4.558000000000003,26.92,1.106,1.1385664178793047
4.563000000000002,26.925,1.112,1.1223796193650326
4.568000000000001,26.93,1.119,1.1416247767965808
4.573,26.935,1.125,1.122396261520737
4.578000000000003,26.94,1.132,1.1025493430605962
4.583000000000002,26.945,1.14,1.1470108121041618
4.588000000000001,26.95,1.147,1.1508599812384452
4.593,26.955,1.155,1.137506470209863
4.5980000000000025,26.96,1.164,1.181685270177098
4.6030000000000015,26.965,1.173,1.2050807818244416
4.6080000000000005,26.97,1.182,1.158265308706933
4.613000000000003,26.975,1.191,1.2106096769901227
4.618000000000002,26.98,1.201,1.232160835592563
4.623000000000001,26.985,1.212,1.2101807846727997
4.628,26.99,1.222,1.192437255062592
4.633000000000003,26.995,1.233,1.2297058277229815
4.638000000000002,27.0,1.245,1.2595408937036912
4.643000000000001,27.005,1.257,1.274145268801476
4.648000000000003,27.01,1.269,1.283859147603076
4.653000000000002,27.015,1.282,1.3080440147388384
4.658000000000001,27.02,1.295,1.2714660489689402
4.663,27.025,1.308,1.3144451080868442
4.668000000000003,27.03,1.322,1.3383256772203211
4.673000000000002,27.035,1.336,1.370567474870797
4.678000000000001,27.04,1.35,1.3437457636778942
4.683000000000003,27.045,1.365,1.390900486395089
4.688000000000002,27.05,1.38,1.370581377512671
4.693000000000001,27.055,1.396,1.3598964399182436
4.698,27.06,1.412,1.3975216981111687
4.703000000000003,27.065,1.428,1.4344350092884794
4.708000000000002,27.07,1.445,1.4327428527790034
4.713000000000001,27.075,1.462,1.4836461296207262
4.718,27.08,1.479,1.4950258594096124
4.7230000000000025,27.085,1.497,1.5293512458457077
4.7280000000000015,27.09,1.515,1.5593841868371572
4.7330000000000005,27.095,1.533,1.5085447556111873
4.738000000000003,27.1,1.552,1.5081567541577057
4.743000000000002,27.105,1.571,1.5625322513238298
4.748000000000001,27.11,1.59,1.6337595438830863
4.753,27.115,1.609,1.6233715812089065
4.758000000000003,27.12,1.629,1.6503969883510368
4.763000000000002,27.125,1.649,1.6472096152613156
4.768000000000001,27.13,1.67,1.703771494624543
4.773000000000003,27.135,1.69,1.6936296165944547
4.778000000000002,27.14,1.711,1.6691111659164037
4.783000000000001,27.145,1.732,1.7443985390288554
4.788,27.15,1.754,1.795634858118926
4.793000000000003,27.155,1.775,1.7988598050610967
4.798000000000002,27.16,1.797,1.7591438196418543
4.803000000000001,27.165,1.819,1.765704900913131
4.808000000000003,27.17,1.84,1.8792396733223307
4.813000000000002,27.175,1.863,1.866031459289762
4.818000000000001,27.18,1.885,1.909009797464226
4.823,27.185,1.907,1.9500905534353181
4.828000000000003,27.19,1.93,1.9663548277137517
4.833000000000002,27.195,1.952,1.9444377687148033
4.838000000000001,27.2,1.975,1.9793760155410816
4.843,27.205,1.997,1.9904916157650567
4.8480000000000025,27.21,2.02,2.023536956149745
4.8530000000000015,27.215,2.042,2.025798739574037
4.8580000000000005,27.22,2.065,2.113931841401099
4.863000000000003,27.225,2.087,2.1040131114724727
4.868000000000002,27.23,2.109,2.1236484187112366
4.873000000000001,27.235,2.132,2.0767297285496595
4.878,27.24,2.154,2.1225946149954282
4.883000000000003,27.245,2.176,2.1943726560011907
4.888000000000002,27.25,2.197,2.1458357567843924
4.893000000000001,27.255,2.219,2.2426629345367726
4.898000000000003,27.26,2.24,2.257704488661873
4.903000000000002,27.265,2.261,2.194692879123078
4.908000000000001,27.27,2.282,2.2176144024705233
4.913,27.275,2.302,2.2999693879618723
4.918000000000003,27.28,2.322,2.324293004433185
4.923000000000002,27.285,2.342,2.3831712882411997
4.928000000000001,27.29,2.361,2.3970586964197667
4.933000000000003,27.295,2.38,2.31268586005292
4.938000000000002,27.3,2.398,2.448934283088684
4.943000000000001,27.305,2.416,2.477466958606008
4.948,27.31,2.433,2.390234351252913
4.953000000000003,27.315,2.45,2.4604450187422184
4.958000000000002,27.32,2.466,2.505987770277051
4.963000000000001,27.325,2.482,2.4976483892398433
4.968,27.33,2.497,2.498449832646046
4.9730000000000025,27.335,2.511,2.4917965027953177
4.9780000000000015,27.34,2.525,2.575412388065751
4.9830000000000005,27.345,2.537,2.522861447479101
4.988000000000003,27.35,2.55,2.5920324915981996
4.993000000000002,27.355,2.561,2.6136600298794623
4.998000000000001,27.36,2.572,2.5401363751730135
5.003,27.365,2.582,2.542398452035471
5.008000000000003,27.37,2.591,2.666604585838594
5.013000000000002,27.375,2.599,2.5443839381562086
5.018000000000001,27.38,2.606,2.567438438954665
5.023000000000003,27.385,2.613,2.623908985478297
5.028000000000002,27.39,2.618,2.6652678018734712
5.033000000000001,27.395,2.623,2.662927656560173
5.038,27.4,2.627,2.643679615751403
5.043000000000003,27.405,2.63,2.6404732888786393
5.048000000000002,27.41,2.632,2.6730020989255907
5.053000000000001,27.415,2.632,2.66538291935453
5.058000000000003,27.42,2.632,2.6070886166236695
5.063000000000002,27.425,2.631,2.582392226502819
5.068000000000001,27.43,2.629,2.55060818963387
5.073,27.435,2.626,2.6416479369096395
5.078000000000003,27.44,2.622,2.6985487939755393
5.083000000000002,27.445,2.617,2.6441873500512707
5.088000000000001,27.45,2.611,2.663275689800171
5.093,27.455,2.604,2.5974251672870907
5.0980000000000025,27.46,2.596,2.5990132767684586
5.1030000000000015,27.465,2.587,2.5779974514857478
5.1080000000000005,27.47,2.577,2.597887982375326
5.113000000000003,27.475,2.566,2.528001648972884
5.118000000000002,27.48,2.554,2.525138891134513
5.123000000000001,27.485,2.541,2.600408633530241
5.128,27.49,2.527,2.6006228868306374
5.133000000000003,27.495,2.512,2.4686849775392363
5.138000000000002,27.5,2.496,2.4723570882894514
5.143000000000001,27.505,2.479,2.409841953693794
5.148000000000003,27.51,2.461,2.4658485781655886
5.153000000000002,27.515,2.443,2.3918177364434583
5.158000000000001,27.52,2.423,2.4052066927997475
5.163,27.525,2.403,2.34194365466265
5.168000000000003,27.53,2.382,2.3433079083564308
5.173000000000002,27.535,2.36,2.3939696126239283
5.178000000000001,27.54,2.338,2.3738993549128806
5.183000000000003,27.545,2.314,2.3240708454959336
5.188000000000002,27.55,2.29,2.3318468979166176
5.193000000000001,27.555,2.266,2.1983681084579616
5.198,27.56,2.24,2.299178039969309
5.203000000000003,27.565,2.214,2.150304698123221
5.208000000000002,27.57,2.188,2.24911321979191
5.213000000000001,27.575,2.161,2.123159766431143
5.218,27.58,2.133,2.1311184838361914
5.2230000000000025,27.585,2.105,2.1512822741478144
5.2280000000000015,27.59,2.076,2.0521058876281715
5.2330000000000005,27.595,2.047,2.035543036880795
5.238000000000003,27.6,2.018,1.9963356548902496
5.243000000000002,27.605,1.988,2.026691141265782
5.248000000000001,27.61,1.959,1.9018337267367262
5.253,27.615,1.928,1.9426568297684974
5.258000000000003,27.62,1.898,1.8748964129518333
5.263000000000002,27.625,1.867,1.8234536402555432
5.268000000000001,27.63,1.837,1.828772234129024
5.273000000000003,27.635,1.806,1.8409131834680725
5.278000000000002,27.64,1.775,1.7825440870253082
5.283000000000001,27.645,1.744,1.7331115808880113
5.288,27.65,1.713,1.6725959838927869
5.293000000000003,27.655,1.682,1.6799243401011412
5.298000000000002,27.66,1.651,1.66832287554596
5.303000000000001,27.665,1.62,1.6148952851555018
5.308000000000003,27.67,1.59,1.556148651427943
5.313000000000002,27.675,1.559,1.5592319150230463
5.318000000000001,27.68,1.529,1.5259810063758525
5.323,27.685,1.499,1.5152179678186601
5.328000000000003,27.69,1.469,1.4620160789321357
5.333000000000002,27.695,1.44,1.431234849046413
5.338000000000001,27.7,1.411,1.368808584352386
5.343,27.705,1.382,1.4164455499190012
5.3480000000000025,27.71,1.354,1.348422358811433
5.3530000000000015,27.715,1.326,1.2973577002851362
5.3580000000000005,27.72,1.298,1.2610727768411178
5.363000000000003,27.725,1.271,1.2836353537809748
5.368000000000002,27.73,1.245,1.2208103126159242
5.373000000000001,27.735,1.219,1.219226498032655
5.378,27.74,1.193,1.1634835057507835
5.383000000000003,27.745,1.168,1.1928455899712154
5.388000000000002,27.75,1.144,1.136529854475825
5.393000000000001,27.755,1.12,1.1461497196066275
5.398000000000003,27.76,1.097,1.0852107206952788
5.403000000000002,27.765,1.074,1.0831958139263227
5.408000000000001,27.77,1.052,1.0692841939494868
5.413,27.775,1.03,1.0598390013637597
5.418000000000003,27.78,1.01,0.9986635743194815
5.423000000000002,27.785,0.9894,0.9869290214477159
5.428000000000001,27.79,0.9697,0.9906227253725772
5.433000000000003,27.795,0.9508,0.949309418744073
5.438000000000002,27.8,0.9324,0.9379930060913341
5.443000000000001,27.805,0.9147,0.8914244253457398
5.448,27.81,0.8976,0.8912777276295983
5.453000000000003,27.815,0.8811,0.8645278542188316
5.458000000000002,27.82,0.8653,0.8461327595071924
5.463000000000001,27.825,0.85,0.84770076673293
5.468,27.83,0.8354,0.8251868460404708
5.4730000000000025,27.835,0.8214,0.8229563901118483
5.4780000000000015,27.84,0.808,0.7854156503234614
5.4830000000000005,27.845,0.7952,0.7853666108129512
5.488000000000003,27.85,0.7829,0.7744646857494947
5.493000000000002,27.855,0.7712,0.7835753867990912
5.498000000000001,27.86,0.7601,0.7520425885973381
5.503,27.865,0.7495,0.7628044456028296
5.508000000000003,27.87,0.7395,0.7409318142902885
5.513000000000002,27.875,0.7299,0.7326283993640336
5.518000000000001,27.88,0.7208,0.7183906841627838
5.523000000000003,27.885,0.7123,0.719180481518336
5.528000000000002,27.89,0.7042,0.6881339797855658
5.533000000000001,27.895,0.6965,0.6956999244033115
5.538,27.9,0.6892,0.7075405716922665
5.543000000000003,27.905,0.6824,0.7027052540291968
5.548000000000002,27.91,0.676,0.6571029905443886
5.553000000000001,27.915,0.6699,0.6558722226877438
5.558000000000003,27.92,0.6642,0.6625157413995647
5.563000000000002,27.925,0.6588,0.670185172549169
5.568000000000001,27.93,0.6538,0.6563493038465493
5.573,27.935,0.649,0.6661612985474127
5.578000000000003,27.94,0.6445,0.6503923442366909
5.583000000000002,27.945,0.6403,0.6588526338451441
5.588000000000001,27.95,0.6363,0.644931789333238
5.593,27.955,0.6326,0.6494470221508906
5.5980000000000025,27.96,0.6291,0.6125880496178924
5.6030000000000015,27.965,0.6257,0.6187847242418356
5.6080000000000005,27.97,0.6225,0.6252159342356503
5.613000000000003,27.975,0.6195,0.6160348566252429
5.618000000000002,27.98,0.6166,0.6286738737159548
5.623000000000001,27.985,0.6138,0.6008328087763657
5.628,27.99,0.6112,0.6234979402168532
5.633000000000003,27.995,0.6086,0.6176577827152816
5.638000000000002,28.0,0.6061,0.6164542738636135
5.643000000000001,28.005,0.6036,0.6075466832457952
5.648000000000003,28.01,0.6012,0.593026702893253
5.653000000000002,28.015,0.5988,0.6046652494759079
5.658000000000001,28.02,0.5965,0.6109318360545642
5.663,28.025,0.5942,0.6006929805095437
5.668000000000003,28.03,0.5918,0.6074846529953876
5.673000000000002,28.035,0.5894,0.5734647091510661
5.678000000000001,28.04,0.5871,0.5840442247226642
5.683000000000003,28.045,0.5846,0.5994697555961991
5.688000000000002,28.05,0.5822,0.5933074848809257
5.693000000000001,28.055,0.5797,0.56289039868251
5.698,28.06,0.5771,0.581862872998905
5.703000000000003,28.065,0.5745,0.5743346126718164
5.708000000000002,28.07,0.5718,0.5581315295039755
5.713000000000001,28.075,0.569,0.5775023763153492
5.718,28.08,0.5662,0.5807027725998269
5.7230000000000025,28.085,0.5632,0.5534779741274164
5.7280000000000015,28.09,0.5602,0.5485820120425704
5.7330000000000005,28.095,0.5571,0.5413403876788753
5.738000000000003,28.1,0.5539,0.5451957141793042
5.743000000000002,28.105,0.5506,0.5445954341683058
5.748000000000001,28.11,0.5473,0.5389425100189694
5.753,28.115,0.5438,0.5554713402688667
5.758000000000003,28.12,0.5403,0.532667945813833
5.763000000000002,28.125,0.5366,0.5289050214103347
5.768000000000001,28.13,0.5329,0.5470865720563696
5.773000000000003,28.135,0.5291,0.5294508711720343
5.778000000000002,28.14,0.5252,0.53219199768225
5.783000000000001,28.145,0.5213,0.5310573391417626
5.788,28.15,0.5173,0.5250185944278238
5.793000000000003,28.155,0.5132,0.5208758157761125
5.798000000000002,28.16,0.509,0.5198916358026627
5.803000000000001,28.165,0.5048,0.5165830322563815
5.808000000000003,28.17,0.5006,0.4874639540933176
5.813000000000002,28.175,0.4963,0.5062100986540302
5.818000000000001,28.18,0.4919,0.5054948312137473
5.823,28.185,0.4875,0.4908784666964401
5.828000000000003,28.19,0.4832,0.47737318416666424
5.833000000000002,28.195,0.4787,0.4863754416144786
5.838000000000001,28.2,0.4743,0.4796705219704694
5.843,28.205,0.4699,0.4558221687746251
5.8480000000000025,28.21,0.4655,0.4528600946865078
5.8530000000000015,28.215,0.4611,0.45851060249793896
5.8580000000000005,28.22,0.4567,0.4665661326608186
5.863000000000003,28.225,0.4523,0.4575119562258921
5.868000000000002,28.23,0.448,0.4501694696876916
5.873000000000001,28.235,0.4437,0.4325386206671907
5.878,28.24,0.4395,0.42672808326723516
5.883000000000003,28.245,0.4354,0.44378537894436815
5.888000000000002,28.25,0.4313,0.4317990261681332
5.893000000000001,28.255,0.4273,0.43956151596416665
5.898000000000003,28.26,0.4234,0.42085196751688864
5.903000000000002,28.265,0.4196,0.4157963887108189
5.908000000000001,28.27,0.4159,0.41632089360860297
5.913,28.275,0.4123,0.42065801878270226
5.918000000000003,28.28,0.4088,0.39767644860998236
5.923000000000002,28.285,0.4055,0.41111975983852417
5.928000000000001,28.29,0.4022,0.40759645488721846
5.933000000000003,28.295,0.3992,0.39746961059734165
5.938000000000002,28.3,0.3962,0.3997494317241536
5.943000000000001,28.305,0.3935,0.39573757788066416
5.948,28.31,0.3909,0.4005065174181306
5.953000000000003,28.315,0.3884,0.3787445681046499
5.958000000000002,28.32,0.3861,0.37558161829223
5.963000000000001,28.325,0.384,0.3951742874772695
5.968,28.33,0.3821,0.3877907568919099
5.9730000000000025,28.335,0.3804,0.3787497354472453
5.9780000000000015,28.34,0.3789,0.3841403833520797
5.9830000000000005,28.345,0.3775,0.3708000361681001
5.988000000000003,28.35,0.3764,0.3723318819777164
5.993000000000002,28.355,0.3755,0.37179203710910363
5.998000000000001,28.36,0.3747,0.3834599315223852
6.003,28.365,0.3742,0.37461157349668317
6.008000000000003,28.37,0.3739,0.3671900194132058
6.013000000000002,28.375,0.3738,0.38244444949080986
6.018000000000001,28.38,0.3739,0.3689471024779682
6.023000000000003,28.385,0.3742,0.382107596057756
6.028000000000002,28.39,0.3747,0.36851454299108244
6.033000000000001,28.395,0.3755,0.38106098265031624
6.038,28.4,0.3764,0.3793600473321423
6.043000000000003,28.405,0.3776,0.36666337455622516
6.048000000000002,28.41,0.3789,0.38093870608144925
6.053000000000001,28.415,0.3805,0.3823330794766821
6.058000000000003,28.42,0.3823,0.3896129829907955
6.063000000000002,28.425,0.3842,0.39517073710546385
6.068000000000001,28.43,0.3864,0.38826620215725066
6.073,28.435,0.3887,0.3880024210613491
6.078000000000003,28.44,0.3912,0.40157640808649947
6.083000000000002,28.445,0.394,0.3951121260077789
6.088000000000001,28.45,0.3968,0.4067095389903157
6.093,28.455,0.3999,0.4074788963024785
6.0980000000000025,28.46,0.4031,0.3912137694965222
6.1030000000000015,28.465,0.4065,0.40377739298242055
6.1080000000000005,28.47,0.41,0.41734601187670517
6.113000000000003,28.475,0.4136,0.41951437581446105
6.118000000000002,28.48,0.4174,0.42726076204241825
6.123000000000001,28.485,0.4213,0.42595278705941914
6.128,28.49,0.4254,0.43509958095614093
6.133000000000003,28.495,0.4295,0.42502693583896306
6.138000000000002,28.5,0.4337,0.4457049222284748
6.143000000000001,28.505,0.4381,0.427605361594027
6.148000000000003,28.51,0.4425,0.4446572797533891
6.153000000000002,28.515,0.4469,0.4342679027281201
6.158000000000001,28.52,0.4514,0.4599231505920629
6.163,28.525,0.456,0.4577512473458925
6.168000000000003,28.53,0.4606,0.4544170965395
6.173000000000002,28.535,0.4653,0.4593897576184361
6.178000000000001,28.54,0.4699,0.45836144196058104
6.183000000000003,28.545,0.4746,0.48793111116743026
6.188000000000002,28.55,0.4792,0.47114315816953634
6.193000000000001,28.555,0.4839,0.47627463392338726
6.198,28.56,0.4885,0.4757081437034481
6.203000000000003,28.565,0.4931,0.5054053443961505
6.208000000000002,28.57,0.4976,0.48392442221661125
6.213000000000001,28.575,0.5021,0.4874261550386903
6.218,28.58,0.5065,0.5032667479505054
6.2230000000000025,28.585,0.5108,0.5082238799506088
6.2280000000000015,28.59,0.515,0.5299882902705749
6.2330000000000005,28.595,0.5192,0.5244840932029325
6.238000000000003,28.6,0.5232,0.5318806826425985
6.243000000000002,28.605,0.5271,0.5156997695780153
6.248000000000001,28.61,0.5309,0.5339221552393152
6.253,28.615,0.5345,0.5291341657381536
6.258000000000003,28.62,0.538,0.5490721318567942
6.263000000000002,28.625,0.5413,0.5538818810353342
6.268000000000001,28.63,0.5445,0.5580232630876313
6.273000000000003,28.635,0.5475,0.5546274917593315
6.278000000000002,28.64,0.5503,0.5586188142451878
6.283000000000001,28.645,0.553,0.5500576480705073
6.288,28.65,0.5554,0.5515795309927334
6.293000000000003,28.655,0.5576,0.5412181442290008
6.298000000000002,28.66,0.5597,0.5571898613575146
6.303000000000001,28.665,0.5615,0.5561424188513162
6.308000000000003,28.67,0.5631,0.5608064293436091
6.313000000000002,28.675,0.5645,0.5712401122717249
6.318000000000001,28.68,0.5656,0.5583401420313161
6.323,28.685,0.5666,0.5681818030792729
6.328000000000003,28.69,0.5673,0.5525257058134604
6.333000000000002,28.695,0.5677,0.562142212978272
6.338000000000001,28.7,0.568,0.5713392873888427
6.343,28.705,0.5679,0.5531491258122176
6.3480000000000025,28.71,0.5677,0.5775356198528842
6.3530000000000015,28.715,0.5672,0.5794168902127242
6.3580000000000005,28.72,0.5665,0.5596631192731623
6.363000000000003,28.725,0.5655,0.5608962240002022
6.368000000000002,28.73,0.5643,0.5576331590843769
6.373000000000001,28.735,0.5629,0.5489559581051607
6.378,28.74,0.5612,0.5499407095016176
6.383000000000003,28.745,0.5593,0.5734932189812219
6.388000000000002,28.75,0.5572,0.5667824186040471
6.393000000000001,28.755,0.5548,0.5404207669037177
6.398000000000003,28.76,0.5522,0.5369143379499828
6.403000000000002,28.765,0.5494,0.553773412052478
6.408000000000001,28.77,0.5464,0.5374550519318375
6.413,28.775,0.5432,0.5359481959146263
6.418000000000003,28.78,0.5398,0.5506242646620808
6.423000000000002,28.785,0.5361,0.5383815887752263
6.428000000000001,28.79,0.5323,0.5268252781024626
6.433000000000003,28.795,0.5283,0.5276270784095809
6.438000000000002,28.8,0.5242,0.5387316494706123
6.443000000000001,28.805,0.5198,0.5308452204232259
6.448,28.81,0.5153,0.5168830624044747
6.453000000000003,28.815,0.5107,0.5232275668635546
6.458000000000002,28.82,0.5059,0.5161039066661659
6.463000000000001,28.825,0.5009,0.4954286276820391
6.468,28.83,0.4959,0.48362952234528817
6.4730000000000025,28.835,0.4907,0.49551488338293964
6.4780000000000015,28.84,0.4854,0.49280144962518513
6.4830000000000005,28.845,0.48,0.4923408024641729
6.488000000000003,28.85,0.4745,0.4743253165107576
6.493000000000002,28.855,0.469,0.46086234719555574
6.498000000000001,28.86,0.4633,0.46667650061472765
6.503,28.865,0.4576,0.45280609590266313
6.508000000000003,28.87,0.4518,0.44839253374157
6.513000000000002,28.875,0.446,0.4552839082196655
6.518000000000001,28.88,0.4402,0.45061300689119316
6.523000000000003,28.885,0.4343,0.4341208101316198
6.528000000000002,28.89,0.4284,0.41946384688674343
6.533000000000001,28.895,0.4225,0.41935317317053594
6.538,28.9,0.4166,0.4187082223698525
6.543000000000003,28.905,0.4108,0.39971900630577384
6.548000000000002,28.91,0.4049,0.41520691305622537
6.553000000000001,28.915,0.3991,0.39889832198059
6.558000000000003,28.92,0.3933,0.38823445770103227
6.563000000000002,28.925,0.3876,0.38238860772701216
6.568000000000001,28.93,0.3819,0.3900463762108115
6.573,28.935,0.3763,0.38286398472353783
6.578000000000003,28.94,0.3707,0.36747947670659226
6.583000000000002,28.945,0.3653,0.3626672827751452
6.588000000000001,28.95,0.3599,0.35993191983228157
6.593,28.955,0.3546,0.3623516378051914
6.5980000000000025,28.96,0.3495,0.3565505185381421
6.6030000000000015,28.965,0.3444,0.34480772466892723
6.6080000000000005,28.97,0.3395,0.33513840256638733
6.613000000000003,28.975,0.3347,0.3375416170476742
6.618000000000002,28.98,0.33,0.3349754159728884
6.623000000000001,28.985,0.3255,0.31617913528081065
6.628,28.99,0.3211,0.3240603216712898
6.633000000000003,28.995,0.3169,0.31332119253465385
6.638000000000002,29.0,0.3129,0.3099488508895829
6.643000000000001,29.005,0.309,0.2999603736714824
6.648000000000003,29.01,0.3052,0.3019864372277799
6.653000000000002,29.015,0.3017,0.3039825131657309
6.658000000000001,29.02,0.2983,0.289359239839394
6.663,29.025,0.2951,0.29582617098541497
6.668000000000003,29.03,0.2921,0.2978853651560341
6.673000000000002,29.035,0.2893,0.291269125528707
6.678000000000001,29.04,0.2867,0.28143595211870076
6.683000000000003,29.045,0.2843,0.29226081361282974
6.688000000000002,29.05,0.2821,0.2768847244448715
6.693000000000001,29.055,0.2801,0.27646370144368543
6.698,29.06,0.2783,0.2731232061370229
6.703000000000003,29.065,0.2767,0.27251930589431744
6.708000000000002,29.07,0.2753,0.2825406692724842
6.713000000000001,29.075,0.2741,0.269969777814608
6.718,29.08,0.2732,0.26853525180927906
6.7230000000000025,29.085,0.2725,0.27980839105578725
6.7280000000000015,29.09,0.272,0.27930361273646404
6.7330000000000005,29.095,0.2717,0.2696895128620021
6.738000000000003,29.1,0.2716,0.2728540127932078
6.743000000000002,29.105,0.2717,0.2791982189521697
6.748000000000001,29.11,0.2721,0.27348498352016526
6.753,29.115,0.2726,0.2744468277974678
6.758000000000003,29.12,0.2734,0.2765591217393615
6.763000000000002,29.125,0.2744,0.2715511471593405
6.768000000000001,29.13,0.2757,0.27367879802849004
6.773000000000003,29.135,0.2771,0.2771650573557234
6.778000000000002,29.14,0.2787,0.28153807834997946
6.783000000000001,29.145,0.2806,0.2853568636321676
6.788,29.15,0.2826,0.2777380975227603
6.793000000000003,29.155,0.2849,0.2785283877550717
6.798000000000002,29.16,0.2873,0.2859976388096694
6.803000000000001,29.165,0.29,0.2855926395169388
6.808000000000003,29.17,0.2928,0.29456377047056637
6.813000000000002,29.175,0.2959,0.2911888894995728
6.818000000000001,29.18,0.2991,0.295857928187678
6.823,29.185,0.3025,0.3022176044474156
6.828000000000003,29.19,0.3061,0.297400140266954
6.833000000000002,29.195,0.3098,0.31632914362481773
6.838000000000001,29.2,0.3137,0.32167323460183606
6.843,29.205,0.3177,0.315468026611898
6.8480000000000025,29.21,0.322,0.32566991987104493
6.8530000000000015,29.215,0.3263,0.31730589210491306
6.8580000000000005,29.22,0.3308,0.3402107308985017
6.863000000000003,29.225,0.3354,0.3443457642288458
6.868000000000002,29.23,0.3402,0.3431093375227296
6.873000000000001,29.235,0.345,0.3368131897230105
6.878,29.24,0.35,0.339715692180341
6.883000000000003,29.245,0.3551,0.35489476294978756
6.888000000000002,29.25,0.3602,0.35794772486604254
6.893000000000001,29.255,0.3655,0.37332285068163085
6.898000000000003,29.26,0.3708,0.37070867464447316
6.903000000000002,29.265,0.3762,0.3717975076162197
6.908000000000001,29.27,0.3816,0.37494687639919566
6.913,29.275,0.3871,0.3935600303069969
6.918000000000003,29.28,0.3926,0.40039846212557595
6.923000000000002,29.285,0.3981,0.40151735607748185
6.928000000000001,29.29,0.4037,0.4082999415860014
6.933000000000003,29.295,0.4092,0.39960367646147776
6.938000000000002,29.3,0.4148,0.41378402878604803
6.943000000000001,29.305,0.4203,0.41280823554487645
6.948,29.31,0.4259,0.4289731375084404
6.953000000000003,29.315,0.4313,0.438938181389581
6.958000000000002,29.32,0.4368,0.43877700817656257
6.963000000000001,29.325,0.4421,0.44461156731082074
6.968,29.33,0.4474,0.4341387396522712
6.9730000000000025,29.335,0.4526,0.4424383523858644
6.9780000000000015,29.34,0.4578,0.4534067232643391
6.9830000000000005,29.345,0.4628,0.4642181415554462
6.988000000000003,29.35,0.4677,0.4800611462160542
6.993000000000002,29.355,0.4725,0.47118548382056674
6.998000000000001,29.36,0.4771,0.4773183154219856
7.003,29.365,0.4816,0.4825693746473023
7.008000000000003,29.37,0.486,0.49160302387550103
7.013000000000002,29.375,0.4902,0.5037062062517343
7.018000000000001,29.38,0.4942,0.5032335116138077
7.023000000000003,29.385,0.498,0.4991810264028567
7.028000000000002,29.39,0.5016,0.5141899409873535
7.033000000000001,29.395,0.5051,0.5089793200850102
7.038,29.4,0.5083,0.5220539970525637
7.043000000000003,29.405,0.5113,0.521126021430689
7.048000000000002,29.41,0.514,0.5198062723356365
7.053000000000001,29.415,0.5166,0.5075083720088868
7.058000000000003,29.42,0.5188,0.520584135690821
7.063000000000002,29.425,0.5209,0.5135820512367169
7.068000000000001,29.43,0.5227,0.5210915318010383
7.073,29.435,0.5242,0.5116527644741371
7.078000000000003,29.44,0.5254,0.5103793796525616
7.083000000000002,29.445,0.5264,0.5323138166938152
7.088000000000001,29.45,0.5271,0.513015064148571
7.093,29.455,0.5275,0.5369400438987562
7.0980000000000025,29.46,0.5276,0.5161752313816969
7.1030000000000015,29.465,0.5275,0.5348739650016577
7.1080000000000005,29.47,0.527,0.5254332042465509
7.113000000000003,29.475,0.5263,0.5412887388193731
7.118000000000002,29.48,0.5253,0.51008948703316
7.123000000000001,29.485,0.524,0.5212815177831425
7.128,29.49,0.5224,0.5108099622214705
7.133000000000003,29.495,0.5205,0.5356146751814471
7.138000000000002,29.5,0.5183,0.5183524042921193
7.143000000000001,29.505,0.5158,0.5261774854999516
7.148000000000003,29.51,0.513,0.525083452211323
7.153000000000002,29.515,0.51,0.524814996571932
7.158000000000001,29.52,0.5067,0.49643974505615457
7.163,29.525,0.5031,0.49895594273599614
7.168000000000003,29.53,0.4992,0.49363831961734816
7.173000000000002,29.535,0.4951,0.49238434184629204
7.178000000000001,29.54,0.4908,0.48698659184166765
7.183000000000003,29.545,0.4861,0.4799909273524481
7.188000000000002,29.55,0.4813,0.46788737504965333
7.193000000000001,29.555,0.4762,0.47980001800789257
7.198,29.56,0.4709,0.46956920456914086
7.203000000000003,29.565,0.4653,0.4526802988459396
7.208000000000002,29.57,0.4596,0.45070739026143797
7.213000000000001,29.575,0.4537,0.4544027795241731
7.218,29.58,0.4476,0.4543518626657686
7.2230000000000025,29.585,0.4413,0.45447694451223397
7.2280000000000015,29.59,0.4349,0.4309192051199887
7.2330000000000005,29.595,0.4283,0.4273241190645317
7.238000000000003,29.6,0.4215,0.4201576499449
7.243000000000002,29.605,0.4147,0.4045211690530456
7.248000000000001,29.61,0.4077,0.39786773593410185
7.253,29.615,0.4007,0.4036605517092646
7.258000000000003,29.62,0.3935,0.38881208648982774
7.263000000000002,29.625,0.3863,0.3909117496112899
7.268000000000001,29.63,0.379,0.37744292853432493
7.273000000000003,29.635,0.3717,0.37532543817609487
7.278000000000002,29.64,0.3643,0.3740046423867952
7.283000000000001,29.645,0.3569,0.3661795059201953
7.288,29.65,0.3496,0.35574230064369033
7.293000000000003,29.655,0.3422,0.34148465673466827
7.298000000000002,29.66,0.3349,0.33590565771117553
7.303000000000001,29.665,0.3276,0.33198488617813965
7.308000000000003,29.67,0.3203,0.3132036167005873
7.313000000000002,29.675,0.3132,0.31342676334884545
7.318000000000001,29.68,0.3061,0.30511044598122994
7.323,29.685,0.2991,0.2979989795356899
7.328000000000003,29.69,0.2922,0.29104366365948525
7.333000000000002,29.695,0.2854,0.2929801768978432
7.338000000000001,29.7,0.2788,0.27264399081842283
7.343,29.705,0.2723,0.2787279030629252
7.3480000000000025,29.71,0.266,0.25855889572777785
7.3530000000000015,29.715,0.2598,0.26088557991458594
7.3580000000000005,29.72,0.2539,0.25519706367114686
7.363000000000003,29.725,0.2481,0.2436062617488387
7.368000000000002,29.73,0.2426,0.24749809699867334
7.373000000000001,29.735,0.2372,0.2319332838115241
7.378,29.74,0.2321,0.22968302967664295
7.383000000000003,29.745,0.2272,0.2335785701655871
7.388000000000002,29.75,0.2226,0.21781777495998642
7.393000000000001,29.755,0.2182,0.2197251573728575
7.398000000000003,29.76,0.2141,0.21872318020531728
7.403000000000002,29.765,0.2103,0.21233574554974077
7.408000000000001,29.77,0.2067,0.20466494136563632
7.413,29.775,0.2035,0.20786912064732568
7.418000000000003,29.78,0.2005,0.20489944402335072
7.423000000000002,29.785,0.1978,0.19712300056166424
7.428000000000001,29.79,0.1954,0.1964491318105581
7.433000000000003,29.795,0.1933,0.19410768877983875
7.438000000000002,29.8,0.1915,0.18704747466669633
7.443000000000001,29.805,0.19,0.18866948945755427
7.448,29.81,0.1889,0.18536100849258447
7.453000000000003,29.815,0.188,0.18686101352325662
7.458000000000002,29.82,0.1875,0.18195805340322413
7.463000000000001,29.825,0.1872,0.18753955970996172
7.468,29.83,0.1873,0.18484864083902625
7.4730000000000025,29.835,0.1877,0.19304559055538004
7.4780000000000015,29.84,0.1884,0.1930625583854745
7.4830000000000005,29.845,0.1894,0.18430552796940675
7.488000000000003,29.85,0.1907,0.18742911119923825
7.493000000000002,29.855,0.1923,0.19072214589641134
7.498000000000001,29.86,0.1942,0.1962185466727116
7.503,29.865,0.1964,0.19724920123558998
7.508000000000003,29.87,0.1989,0.20031864436827318
7.513000000000002,29.875,0.2016,0.1990515211396503
7.518000000000001,29.88,0.2046,0.19890701915576559
7.523000000000003,29.885,0.2079,0.20596750824506854
7.528000000000002,29.89,0.2115,0.21160251502672323
7.533000000000001,29.895,0.2152,0.22071227522115328
7.538,29.9,0.2193,0.2137983485403162
7.543000000000003,29.905,0.2235,0.23009847883711368
7.548000000000002,29.91,0.228,0.2273497786857211
7.553000000000001,29.915,0.2327,0.23368187964725606
7.558000000000003,29.92,0.2376,0.2431013051772531
7.563000000000002,29.925,0.2426,0.2364078718994408
7.568000000000001,29.93,0.2479,0.24754656653373763
7.573,29.935,0.2533,0.25510448652668344
7.578000000000003,29.94,0.2588,0.25829332482327894
7.583000000000002,29.945,0.2646,0.26250561764203484
7.588000000000001,29.95,0.2704,0.2669365898872682
7.593,29.955,0.2764,0.27403805719069024
7.5980000000000025,29.96,0.2824,0.28840956914948596
7.6030000000000015,29.965,0.2886,0.2929187337909802
7.6080000000000005,29.97,0.2948,0.28949884482653737
7.613000000000003,29.975,0.3011,0.30051231953740204
7.618000000000002,29.98,0.3075,0.30175702582006586
7.623000000000001,29.985,0.3139,0.3115223550649389
7.628,29.99,0.3204,0.32691071951097306
7.633000000000003,29.995,0.3268,0.3352845001798953
7.638000000000002,30.0,0.3333,0.33652789996091315
7.643000000000001,30.005,0.3398,0.3429526722568956
7.648000000000003,30.01,0.3462,0.344400303957774
7.653000000000002,30.015,0.3527,0.35375881413452254
7.658000000000001,30.02,0.359,0.3593535328225338
7.663,30.025,0.3654,0.365807917398262
7.668000000000003,30.03,0.3716,0.3714321104428857
7.673000000000002,30.035,0.3778,0.3760950134902392
7.678000000000001,30.04,0.384,0.37968429647976076
7.683000000000003,30.045,0.39,0.39236562163850874
7.688000000000002,30.05,0.3959,0.4027936733913083
7.693000000000001,30.055,0.4017,0.4010319871131274
7.698,30.06,0.4074,0.40386790862492017
7.703000000000003,30.065,0.413,0.41037665310146426
7.708000000000002,30.07,0.4184,0.41464061983626144
7.713000000000001,30.075,0.4237,0.4279815763061221
7.718,30.08,0.4288,0.43475105157225613
7.7230000000000025,30.085,0.4338,0.4295791441637991
7.7280000000000015,30.09,0.4386,0.4477876117558944
7.7330000000000005,30.095,0.4433,0.45155446073691213
7.738000000000003,30.1,0.4478,0.4460785399621969
7.743000000000002,30.105,0.4521,0.4442142230713443
7.748000000000001,30.11,0.4562,0.44552587662850135
7.753,30.115,0.4602,0.46709128441513836
7.758000000000003,30.12,0.4639,0.4664084630940756
7.763000000000002,30.125,0.4675,0.4626671272771981
7.768000000000001,30.13,0.4709,0.472420128799227
7.773000000000003,30.135,0.474,0.46091202384903635
7.778000000000002,30.14,0.477,0.46343033194376787
7.783000000000001,30.145,0.4798,0.471294225738883
7.788,30.15,0.4825,0.4810317610063168
7.793000000000003,30.155,0.4849,0.4765669869749596
7.798000000000002,30.16,0.4871,0.49487263443408197
7.803000000000001,30.165,0.4892,0.49597077979085985
7.808000000000003,30.17,0.491,0.4763934261505271
7.813000000000002,30.175,0.4927,0.48428008605810524
7.818000000000001,30.18,0.4942,0.5026244846453592
7.823,30.185,0.4955,0.49822524720415834
7.828000000000003,30.19,0.4967,0.49571870068142054
7.833000000000002,30.195,0.4976,0.5002531430834957
7.838000000000001,30.2,0.4984,0.4911091256479238
7.843,30.205,0.4991,0.4887893107678305
7.8480000000000025,30.21,0.4996,0.5010057544677358
7.8530000000000015,30.215,0.4999,0.5022930739758615
7.8580000000000005,30.22,0.5001,0.5008947826152362
7.863000000000003,30.225,0.5001,0.48652841923136686
7.868000000000002,30.23,0.5,0.5048525278133275
7.873000000000001,30.235,0.4998,0.5002709991979085
7.878,30.24,0.4994,0.49277525242954057
7.883000000000003,30.245,0.499,0.4937415379955886
7.888000000000002,30.25,0.4984,0.5062528423879683
7.893000000000001,30.255,0.4977,0.4848969774830936
7.898000000000003,30.26,0.4968,0.48528561370722256
7.903000000000002,30.265,0.4959,0.49207693556039206
7.908000000000001,30.27,0.4949,0.4966132145988499
7.913,30.275,0.4938,0.4805312966385538
7.918000000000003,30.28,0.4927,0.5052481442509619
7.923000000000002,30.285,0.4914,0.4920895708450842
7.928000000000001,30.29,0.4901,0.4884120377363171
7.933000000000003,30.295,0.4887,0.4895528280265047
7.938000000000002,30.3,0.4872,0.48953221322679996
7.943000000000001,30.305,0.4857,0.49056007561668996
7.948,30.31,0.4841,0.4889111934757699
7.953000000000003,30.315,0.4825,0.48813970564640374
7.958000000000002,30.32,0.4808,0.4742227026756126
7.963000000000001,30.325,0.4791,0.48661484972590513
7.968,30.33,0.4773,0.4898465937609708
7.9730000000000025,30.335,0.4755,0.46623582793302615
7.9780000000000015,30.34,0.4737,0.46957835900089817
7.9830000000000005,30.345,0.4719,0.46135066660394725
7.988000000000003,30.35,0.47,0.48083228125134975
7.993000000000002,30.355,0.4681,0.4744571269389165
7.998000000000001,30.36,0.4661,0.45334453413686027
8.003,30.365,0.4642,0.46001076055254453
8.008000000000003,30.37,0.4622,0.45659155127767936
8.013000000000002,30.375,0.4602,0.45146381880733133
8.018,30.38,0.4582,0.44613983066452345
8.023000000000003,30.385,0.4562,0.46045428387438436
8.028000000000002,30.39,0.4542,0.4603796641423669
8.033000000000001,30.395,0.4522,0.4418091226135261
8.038,30.4,0.4502,0.44232453988568143
8.043000000000003,30.405,0.4481,0.45330957253573245
8.048000000000002,30.41,0.4461,0.43449619093122926
8.053,30.415,0.444,0.4525105666938323
8.058000000000003,30.42,0.4419,0.44887660807214014
8.063000000000002,30.425,0.4399,0.45103928985174735
8.068000000000001,30.43,0.4378,0.4375085781575857
8.073,30.435,0.4357,0.4380814642517116
8.078000000000003,30.44,0.4336,0.4427794643746513
8.083000000000002,30.445,0.4316,0.4333099261798531
8.088000000000001,30.45,0.4295,0.42087855384269485
8.093,30.455,0.4274,0.41689002891315774
8.098000000000003,30.46,0.4253,0.43035189627415826
8.103000000000002,30.465,0.4232,0.41566964602645423
8.108,30.47,0.4211,0.41686642399733825
8.113000000000003,30.475,0.4191,0.41218102242979643
8.118000000000002,30.48,0.417,0.4230236318161844
8.123000000000001,30.485,0.4149,0.41096729226635653
8.128,30.49,0.4128,0.40058875066787714
8.133000000000003,30.495,0.4108,0.41701608371681026
8.138000000000002,30.5,0.4087,0.41698517703016125
8.143,30.505,0.4066,0.4102047584472968
8.148000000000003,30.51,0.4046,0.4097597640390472
8.153000000000002,30.515,0.4025,0.396195987425338
8.158000000000001,30.52,0.4005,0.40913055631719225
8.163,30.525,0.3985,0.40546230819899226
8.168000000000003,30.53,0.3965,0.38833133575249273
8.173000000000002,30.535,0.3945,0.39905535814009585
8.178,30.54,0.3925,0.3983568643786457
8.183000000000003,30.545,0.3906,0.38342875206743166
8.188000000000002,30.55,0.3887,0.3935816875293139
8.193000000000001,30.555,0.3868,0.39196853231103407
8.198,30.56,0.3849,0.38422806690704
8.203000000000003,30.565,0.383,0.393950226605427
8.208000000000002,30.57,0.3812,0.3784072672687287
8.213000000000001,30.575,0.3794,0.3877147058980438
8.218,30.58,0.3777,0.36981305382739493
8.223000000000003,30.585,0.376,0.3787493710209415
8.228000000000002,30.59,0.3743,0.3727407505520531
8.233,30.595,0.3726,0.3721617352830281
8.238000000000003,30.6,0.371,0.3815095928310362
8.243000000000002,30.605,0.3695,0.36493230336365645
8.248000000000001,30.61,0.368,0.37224284911336836
8.253,30.615,0.3666,0.37746039419231214
8.258000000000003,30.62,0.3652,0.3751453849412603
8.263000000000002,30.625,0.3638,0.3531395614886391
8.268,30.63,0.3625,0.35947607746002674
8.273000000000003,30.635,0.3613,0.352790252545145
8.278000000000002,30.64,0.3601,0.35800067507343
8.283000000000001,30.645,0.359,0.3677086343812967
8.288,30.65,0.358,0.3494262309373244
8.293000000000003,30.655,0.357,0.35832375897560087
8.298000000000002,30.66,0.3561,0.3483855741221341
8.303,30.665,0.3553,0.361650296202814
8.308000000000003,30.67,0.3545,0.3584460059755601
8.313000000000002,30.675,0.3538,0.3623360068650815
8.318000000000001,30.68,0.3532,0.35026678463984157
8.323,30.685,0.3526,0.3570476966639537
8.328000000000003,30.69,0.3521,0.35338752446449767
8.333000000000002,30.695,0.3517,0.344064612261293
8.338000000000001,30.7,0.3514,0.3409827940194919
8.343,30.705,0.3511,0.36154412729218266
8.348000000000003,30.71,0.3509,0.3467045232331542
8.353000000000002,30.715,0.3508,0.3437251142199172
8.358,30.72,0.3507,0.3559961788096664
8.363000000000003,30.725,0.3507,0.34345341500105514
8.368000000000002,30.73,0.3508,0.34697113030496085
8.373000000000001,30.735,0.351,0.3519700255610337
8.378,30.74,0.3512,0.3514928984111121
8.383000000000003,30.745,0.3515,0.3529279822420743
8.388000000000002,30.75,0.3518,0.35851056347092025
8.393,30.755,0.3522,0.3589018983894302
8.398000000000003,30.76,0.3527,0.35156150404145237
8.403000000000002,30.765,0.3532,0.34799173734144656
8.408000000000001,30.77,0.3538,0.3444902620559314
8.413,30.775,0.3545,0.3471471765681987
8.418000000000003,30.78,0.3552,0.34822623510932144
8.423000000000002,30.785,0.3559,0.3628183633779699
8.428,30.79,0.3567,0.35766066413649084
8.433000000000003,30.795,0.3575,0.3637685876136995
8.438000000000002,30.8,0.3584,0.3667887837525643
8.443000000000001,30.805,0.3593,0.3514532216379225
8.448,30.81,0.3603,0.3594409360930548
8.453000000000003,30.815,0.3613,0.3611130469531028
8.458000000000002,30.82,0.3623,0.35992616481522194
8.463000000000001,30.825,0.3634,0.36167853630914915
8.468,30.83,0.3645,0.3548324549910788
8.473000000000003,30.835,0.3656,0.3612738079945209
8.478000000000002,30.84,0.3667,0.3714071259388087
8.483,30.845,0.3679,0.3764634560390754
8.488000000000003,30.85,0.3691,0.36535131302204815
8.493000000000002,30.855,0.3702,0.364867338177403
8.498000000000001,30.86,0.3714,0.3682288578700547
8.503,30.865,0.3727,0.37168093557051807
8.508000000000003,30.87,0.3739,0.3734957413969415
8.513000000000002,30.875,0.3751,0.3770130086678278
8.518,30.88,0.3764,0.3698788157684881
8.523000000000003,30.885,0.3776,0.3810528850714363
8.528000000000002,30.89,0.3788,0.3696033299142147
8.533000000000001,30.895,0.3801,0.36998469532545214
8.538,30.9,0.3813,0.38663900649037325
8.543000000000003,30.905,0.3826,0.3919201374596073
8.548000000000002,30.91,0.3838,0.38488965969124006
8.553,30.915,0.385,0.3916171785411432
8.558000000000003,30.92,0.3862,0.3788367445745279
8.563000000000002,30.925,0.3874,0.3807961700817667
8.568000000000001,30.93,0.3886,0.3867912744782819
8.573,30.935,0.3898,0.3859779893802463
8.578000000000003,30.94,0.391,0.3855233730584528
8.583000000000002,30.945,0.3922,0.38883278060965015
8.588000000000001,30.95,0.3933,0.39211145956430077
8.593,30.955,0.3945,0.38806180776167354
8.598000000000003,30.96,0.3956,0.38528189462874346
8.603000000000002,30.965,0.3967,0.3986383479740631
8.608,30.97,0.3978,0.39564391088057993
8.613000000000003,30.975,0.3989,0.406488221987232
8.618000000000002,30.98,0.4,0.41062953186277984
8.623000000000001,30.985,0.401,0.4018689856872602
8.628,30.99,0.402,0.3906058662051595
8.633000000000003,30.995,0.4031,0.4146306106521388
8.638000000000002,31.0,0.4041,0.4057128523587104
8.643,31.005,0.405,0.4053496571010628
8.648000000000003,31.01,0.406,0.3945144705330363
8.653000000000002,31.015,0.4069,0.39640549723564084
8.658000000000001,31.02,0.4079,0.4093657665816904
8.663,31.025,0.4088,0.410201642612487
8.668000000000003,31.03,0.4097,0.41039291382571114
8.673000000000002,31.035,0.4105,0.40183837242198156
8.678,31.04,0.4114,0.4152742480220385
8.683000000000003,31.045,0.4122,0.4132745573380351
8.688000000000002,31.05,0.413,0.4244452599982011
8.693000000000001,31.055,0.4138,0.41846352059168856
8.698,31.06,0.4145,0.4121679844181739
8.703000000000003,31.065,0.4153,0.4180461647125594
8.708000000000002,31.07,0.416,0.40506723701256847
8.713000000000001,31.075,0.4166,0.42138549958798677
8.718,31.08,0.4173,0.42023007746176516
8.723000000000003,31.085,0.4179,0.41468454481127603
8.728000000000002,31.09,0.4185,0.4164328789607507
8.733,31.095,0.4191,0.4254619517340747
8.738000000000003,31.1,0.4196,0.41502156738325635
8.743000000000002,31.105,0.4201,0.4149785986978954
8.748000000000001,31.11,0.4206,0.41072235567376614
8.753,31.115,0.421,0.4164857917487404
8.758000000000003,31.12,0.4214,0.42005759166817813
8.763000000000002,31.125,0.4217,0.4137523196227688
8.768,31.13,0.422,0.41607252678045376
8.773000000000003,31.135,0.4223,0.41342053052936417
8.778000000000002,31.14,0.4225,0.41048435983828907
8.783000000000001,31.145,0.4227,0.43185123205542153
8.788,31.15,0.4228,0.4290835948524012
8.793000000000003,31.155,0.4229,0.4208580312162724
8.798000000000002,31.16,0.4229,0.42422032143952737
8.803,31.165,0.4229,0.41394450887385575
8.808000000000003,31.17,0.4228,0.42658685334540963
8.813000000000002,31.175,0.4226,0.42568782016250994
8.818000000000001,31.18,0.4224,0.42691764863545445
8.823,31.185,0.4222,0.4316912578526036
8.828000000000003,31.19,0.4219,0.4234101535985065
8.833000000000002,31.195,0.4215,0.4096550230466669
8.838000000000001,31.2,0.421,0.42921892340265205
8.843,31.205,0.4205,0.42696704117035983
8.848000000000003,31.21,0.4199,0.43128009830229663
8.853000000000002,31.215,0.4193,0.4081808854256376
8.858,31.22,0.4186,0.40622934663677945
8.863000000000003,31.225,0.4178,0.41455188845213753
8.868000000000002,31.23,0.417,0.4053413610029923
8.873000000000001,31.235,0.416,0.41665922436408453
8.878,31.24,0.4151,0.4193227475852583
8.883000000000003,31.245,0.414,0.4130560553523152
8.888000000000002,31.25,0.4129,0.4211411891369075
8.893,31.255,0.4117,0.4189228658688103
8.898000000000003,31.26,0.4105,0.4018200926349181
8.903000000000002,31.265,0.4092,0.408531663243355
8.908000000000001,31.27,0.4078,0.4133206278862401
8.913,31.275,0.4063,0.4096679831624842
8.918000000000003,31.28,0.4048,0.4093458300112649
8.923000000000002,31.285,0.4033,0.3993121465725272
8.928,31.29,0.4017,0.4047428952689683
8.933000000000003,31.295,0.4,0.40785290268821756
8.938000000000002,31.3,0.3983,0.3942662065751595
8.943000000000001,31.305,0.3965,0.4040875844814306
8.948,31.31,0.3947,0.3996949460202631
8.953000000000003,31.315,0.3928,0.38524393906024473
8.958000000000002,31.32,0.3909,0.40179259766890807
8.963000000000001,31.325,0.389,0.3962612110016487
8.968,31.33,0.387,0.3830232268303201
8.973000000000003,31.335,0.385,0.39069794604678376
8.978000000000002,31.34,0.3829,0.3904915887776638
8.983,31.345,0.3809,0.37798104553557665
8.988000000000003,31.35,0.3788,0.3795967425128905
8.993000000000002,31.355,0.3767,0.37203049314693665
8.998000000000001,31.36,0.3746,0.36677478008363945
9.003,31.365,0.3725,0.38357456370557286
9.008000000000003,31.37,0.3704,0.3729617390787546
9.013000000000002,31.375,0.3683,0.36642569395824015
9.018,31.38,0.3662,0.36487869473941004
9.023000000000003,31.385,0.3641,0.3568793936040227
9.028000000000002,31.39,0.362,0.36638624798955655
9.033000000000001,31.395,0.3599,0.3544723412792282
9.038,31.4,0.3579,0.3518942964253632
9.043000000000003,31.405,0.3559,0.3629530190613098
9.048000000000002,31.41,0.3539,0.3632126397119259
9.053,31.415,0.352,0.3455922001594272
9.058000000000003,31.42,0.3501,0.35483071527069987
9.063000000000002,31.425,0.3482,0.35434412320001263
9.068000000000001,31.43,0.3464,0.33798574884452504
9.073,31.435,0.3447,0.3512442837140629
9.078000000000003,31.44,0.343,0.34422699790408956
9.083000000000002,31.445,0.3413,0.3473008504814834
9.088000000000001,31.45,0.3397,0.34734101956633373
9.093,31.455,0.3382,0.32997754944971597
9.098000000000003,31.46,0.3367,0.3461770120656525
9.103000000000002,31.465,0.3354,0.3411484956759305
9.108,31.47,0.334,0.32449794573533747
9.113000000000003,31.475,0.3328,0.3266713873549377
9.118000000000002,31.48,0.3316,0.3268488750595732
9.123000000000001,31.485,0.3305,0.3311658259118336
9.128,31.49,0.3295,0.3273329679856936
9.133000000000003,31.495,0.3286,0.32474008892921497
9.138000000000002,31.5,0.3277,0.3350406895819729
9.143,31.505,0.327,0.3331463198168488
9.148000000000003,31.51,0.3263,0.33084616113178333
9.153000000000002,31.515,0.3257,0.33359474171469605
9.158000000000001,31.52,0.3251,0.3340894913938426
9.163,31.525,0.3247,0.32325997745696183
9.168000000000003,31.53,0.3243,0.3164423850163127
9.173000000000002,31.535,0.324,0.32291177100832963
9.178,31.54,0.3238,0.3319364255996218
9.183000000000003,31.545,0.3237,0.3186280369009023
9.188000000000002,31.55,0.3236,0.3285491636375704
9.193000000000001,31.555,0.3236,0.330712213814982
9.198,31.56,0.3237,0.32682902655648755
9.203000000000003,31.565,0.3239,0.3324902864764803
9.208000000000002,31.57,0.3241,0.33276634118700976
9.213000000000001,31.575,0.3244,0.33137574239127265
9.218,31.58,0.3247,0.3230784974153693
9.223000000000003,31.585,0.3252,0.32041878782226496
9.228000000000002,31.59,0.3256,0.3166687005610517
9.233,31.595,0.3262,0.32094010133701234
9.238000000000003,31.6,0.3267,0.3303544714960211
9.243000000000002,31.605,0.3274,0.33284617888980617
9.248000000000001,31.61,0.3281,0.3351892646697478
9.253,31.615,0.3288,0.3214251835282976
9.258000000000003,31.62,0.3296,0.33604166349477116
9.263000000000002,31.625,0.3304,0.33118897568955274
9.268,31.63,0.3312,0.3273713839474177
9.273000000000003,31.635,0.3321,0.3333345410928207
9.278000000000002,31.64,0.333,0.3255786649803202
9.283000000000001,31.645,0.3339,0.3284636035700266
9.288,31.65,0.3349,0.34374180994634035
9.293000000000003,31.655,0.3358,0.3338224676328459
9.298000000000002,31.66,0.3368,0.3346526882239656
9.303,31.665,0.3378,0.3414236435938443
9.308000000000003,31.67,0.3389,0.3383171377645518
9.313000000000002,31.675,0.3399,0.3437535819848034
9.318000000000001,31.68,0.3409,0.33627163516892217
9.323,31.685,0.342,0.34010174896568185
9.328000000000003,31.69,0.343,0.35226560260478457
9.333000000000002,31.695,0.3441,0.34082473810264513
9.338000000000001,31.7,0.3452,0.3522373250909208
9.343,31.705,0.3462,0.34878003476395814
9.348000000000003,31.71,0.3473,0.3492958937649942
9.353000000000002,31.715,0.3483,0.33869897346531785
9.358,31.72,0.3494,0.3528613132356731
9.363000000000003,31.725,0.3504,0.34057279057968715
9.368000000000002,31.73,0.3514,0.34171922948384975
9.373000000000001,31.735,0.3524,0.36289002620306615
9.378,31.74,0.3534,0.3518394459269188
9.383000000000003,31.745,0.3544,0.3613930897965234
9.388000000000002,31.75,0.3554,0.364304310905904
9.393,31.755,0.3564,0.36013205197548864
9.398000000000003,31.76,0.3574,0.3611089461381576
9.403000000000002,31.765,0.3583,0.3494257434153022
9.408000000000001,31.77,0.3593,0.3525504502514252
9.413,31.775,0.3602,0.36810776467124945
9.418000000000003,31.78,0.3611,0.36643519174146433
9.423000000000002,31.785,0.362,0.35116811692933103
9.428,31.79,0.3629,0.37016160996460845
9.433000000000003,31.795,0.3638,0.36492184883986434
9.438000000000002,31.8,0.3646,0.35718691673543135
9.443000000000001,31.805,0.3655,0.3582468695452668
9.448,31.81,0.3663,0.35875352573619473
9.453000000000003,31.815,0.3671,0.3564700078523501
9.458000000000002,31.82,0.368,0.3663374997719872
9.463000000000001,31.825,0.3688,0.3618558819396266
9.468,31.83,0.3696,0.3766149093214937
9.473000000000003,31.835,0.3704,0.37444219422347635
9.478000000000002,31.84,0.3711,0.3809298501351538
9.483,31.845,0.3719,0.36613107109732745
9.488000000000003,31.85,0.3727,0.3737016977654383
9.493000000000002,31.855,0.3734,0.3675062751804634
9.498000000000001,31.86,0.3742,0.364735429370324
9.503,31.865,0.3749,0.3807876613890054
9.508000000000003,31.87,0.3756,0.386673540512875
9.513000000000002,31.875,0.3764,0.3788420205548168
9.518,31.88,0.3771,0.3823919358006946
9.523000000000003,31.885,0.3778,0.3742647268246866
9.528000000000002,31.89,0.3785,0.38554114485287133
9.533000000000001,31.895,0.3792,0.3902090197753271
9.538,31.9,0.3799,0.37670176984067183
9.543000000000003,31.905,0.3805,0.38671741478191773
9.548000000000002,31.91,0.3812,0.37737835847548845
9.553,31.915,0.3819,0.3875912267267142
9.558000000000003,31.92,0.3825,0.3913687631561682
9.563000000000002,31.925,0.3831,0.38970898094304407
9.568000000000001,31.93,0.3838,0.37298526957511785
9.573,31.935,0.3844,0.379041231601082
9.578000000000003,31.94,0.385,0.39037629178365124
9.583000000000002,31.945,0.3855,0.37645782228337565
9.588000000000001,31.95,0.3861,0.3839969769060303
9.593,31.955,0.3866,0.3777042789759551
9.598000000000003,31.96,0.3872,0.3862352716115901
9.603000000000002,31.965,0.3877,0.3954722059523202
9.608,31.97,0.3882,0.3785605204463262
9.613000000000003,31.975,0.3886,0.3830981667259906
9.618000000000002,31.98,0.3891,0.3976130159815724
9.623000000000001,31.985,0.3895,0.37850736306561306
9.628,31.99,0.3899,0.3808359156927027
9.633000000000003,31.995,0.3902,0.37897252722024616
9.638000000000002,32.0,0.3906,0.38720641584743093
